Date,Name,Year,Letterboxd URI,Rating,Rewatch,Tags,Watched Date
2022-12-12,Faust,1994,https://boxd.it/3woqwn,4.5,,,2018-07-14
2019-03-05,Sleepwalkers,1992,https://boxd.it/ELp13,2.5,,,2019-03-05
2019-03-06,The Man Who Killed Hitler and Then the Bigfoot,2018,https://boxd.it/EO6O7,3,,,2019-03-05
2019-03-11,Wildlife,2018,https://boxd.it/F3LdL,3,,,2019-03-10
2019-03-12,Drag Me to Hell,2009,https://boxd.it/F7Pyh,2,,,2019-03-10
2019-03-12,Deep Red,1975,https://boxd.it/F7Kuz,3.5,,,2019-03-11
2019-03-13,Candyman,1992,https://boxd.it/FaZ27,5,,,2019-03-13
2019-03-20,Detention,2011,https://boxd.it/FxfP9,4.5,,,2019-03-19
2019-03-20,Bubba Ho-tep,2002,https://boxd.it/FxE51,3,,,2019-03-20
2019-03-21,Attack the Block,2011,https://boxd.it/FzRLD,5,Yes,,2019-03-20
2019-03-25,Hail Satan?,2019,https://boxd.it/FMC6V,5,,,2019-03-24
2019-04-01,Tales from the Crypt,1972,https://boxd.it/G8wnv,3,,,2019-03-31
2019-04-01,Tales from the Crypt: Demon Knight,1995,https://boxd.it/G8wsF,2.5,,,2019-03-31
2019-04-01,The Hunger,1983,https://boxd.it/G8wxl,2.5,,,2019-03-31
2019-04-10,Razorback,1984,https://boxd.it/GxSSv,3.5,,,2019-04-09
2019-05-14,The Inventor: Out for Blood in Silicon Valley,2019,https://boxd.it/I9Rux,4.5,,,2019-05-12
2019-05-20,Horror Noire: A History of Black Horror,2019,https://boxd.it/IrP57,4.5,,,2019-05-19
2019-05-21,Brain Dead,1990,https://boxd.it/IuFK1,3,,,2019-05-20
2019-05-26,Demon,2015,https://boxd.it/IJo35,4,,,2019-05-26
2019-05-26,Repo! The Genetic Opera,2008,https://boxd.it/IJqUl,3,,,2019-05-26
2019-05-28,Greetings from Tromaville!,2017,https://boxd.it/IOmEN,3.5,,,2019-05-26
2019-06-01,John Wick: Chapter 3 – Parabellum,2019,https://boxd.it/J22qJ,4.5,,,2019-05-31
2019-07-23,Us,2019,https://boxd.it/LBHhh,3.5,,,2019-05-31
2019-06-09,Dark Phoenix,2019,https://boxd.it/JqGjV,2.5,,,2019-06-09
2019-06-25,Vampire's Kiss,1988,https://boxd.it/KdutH,3.5,,,2019-06-24
2019-07-23,Avengers: Endgame,2019,https://boxd.it/LBHcB,3.5,,,2019-06-28
2019-07-01,The Cleaners,2018,https://boxd.it/KtOg1,4,,,2019-06-30
2019-09-15,Tully,2018,https://boxd.it/OtUf5,3,,,2019-07-01
2019-09-15,Fantastic Beasts: The Crimes of Grindelwald,2018,https://boxd.it/OtUkp,1.5,,,2019-07-07
2019-07-23,Shazam!,2019,https://boxd.it/LBHal,4,,,2019-07-11
2019-07-23,Spider-Man: Far From Home,2019,https://boxd.it/LBH5Z,4,,,2019-07-18
2019-07-24,Hellboy,2019,https://boxd.it/LGE6b,2,,,2019-07-23
2019-08-02,What We Left Behind: Looking Back at Star Trek: Deep Space Nine,2018,https://boxd.it/Ma2AR,5,,,2019-08-01
2019-09-15,Split,2016,https://boxd.it/OtU3t,3,,,2019-08-07
2019-08-16,Scary Stories to Tell in the Dark,2019,https://boxd.it/MTOvZ,4,,,2019-08-15
2019-08-22,Lovecraft: Fear of the Unknown,2008,https://boxd.it/NelN3,3,,,2019-08-18
2019-08-22,Finding Vivian Maier,2013,https://boxd.it/NelS3,3,,,2019-08-18
2019-08-24,Re-Animator,1985,https://boxd.it/NkNqX,5,,,2019-08-24
2019-08-24,Bride of Re-Animator,1990,https://boxd.it/NkNzb,2.5,,,2019-08-24
2019-09-03,Nightmare Cinema,2018,https://boxd.it/NRhSL,2.5,,,2019-09-02
2019-09-03,Pokémon Detective Pikachu,2019,https://boxd.it/NRpJx,3.5,,,2019-09-02
2019-09-15,Invader Zim: Enter the Florpus,2019,https://boxd.it/OtSQN,2.5,,,2019-09-02
2019-09-07,Fiddler: A Miracle of Miracles,2019,https://boxd.it/O3Beb,5,,,2019-09-06
2019-09-15,Pooka!,2018,https://boxd.it/OtUaf,2.5,,,2019-09-11
2019-09-15,Candyman: Farewell to the Flesh,1995,https://boxd.it/Os1lP,2.5,,,2019-09-13
2019-09-15,Brightburn,2019,https://boxd.it/OsN5v,3,,,2019-09-14
2019-09-15,Mandy,2018,https://boxd.it/OtRHb,3,,,2019-09-14
2019-09-29,School Spirit,2019,https://boxd.it/Pc0oZ,3,,,2019-09-28
2019-10-02,Midsommar,2019,https://boxd.it/PkWWL,2.5,,,2019-09-29
2019-10-02,Annabelle Comes Home,2019,https://boxd.it/PkWJd,2,,,2019-09-30
2019-10-02,Ghostland,2018,https://boxd.it/PmikB,0.5,,,2019-10-01
2019-10-02,Escape Room,2019,https://boxd.it/Pmitj,1.5,,,2019-10-01
2019-10-19,Trash Fire,2016,https://boxd.it/QnjFh,2.5,,,2019-10-19
2019-10-19,The Golem,2018,https://boxd.it/QnjRx,3,,,2019-10-19
2019-10-30,Just Desserts: The Making of 'Creepshow',2007,https://boxd.it/R2uFp,3.5,,,2019-10-30
2019-11-03,Lost Soul: The Doomed Journey of Richard Stanley's Island of Dr. Moreau,2014,https://boxd.it/Ri6FR,4,,,2019-11-02
2019-11-03,Joan Rivers: A Piece of Work,2010,https://boxd.it/RikIP,4,,,2019-11-03
2019-11-09,Jojo Rabbit,2019,https://boxd.it/RDHsx,5,,,2019-11-08
2019-11-10,Murder Party,2007,https://boxd.it/RHA9B,2.5,,,2019-11-09
2019-11-12,Extra Ordinary,2019,https://boxd.it/RQHEz,3.5,,,2019-11-12
2019-11-13,Dolemite Is My Name,2019,https://boxd.it/RTWnJ,4,,,2019-11-12
2019-11-13,Ghost Stories,2017,https://boxd.it/RTYkR,2,,,2019-11-12
2019-11-22,Satanic Panic,2019,https://boxd.it/Spmcf,3,,,2019-11-21
2019-11-23,Ready or Not,2019,https://boxd.it/Ssul1,3,,,2019-11-22
2019-11-23,Natural Selection,2011,https://boxd.it/St9Q5,3,,,2019-11-23
2019-11-25,Blaze,2018,https://boxd.it/SAwNd,2.5,,,2019-11-24
2019-11-25,Ginger Snaps,2000,https://boxd.it/SC1hJ,3.5,,,2019-11-24
2019-11-25,Ginger Snaps 2: Unleashed,2004,https://boxd.it/SC1kt,3.5,,,2019-11-24
2019-11-25,Ginger Snaps Back: The Beginning,2004,https://boxd.it/SChMt,2.5,,,2019-11-25
2019-11-27,One Cut of the Dead,2017,https://boxd.it/SIFbj,4.5,,,2019-11-26
2019-11-27,"The Death of ""Superman Lives"": What Happened?",2015,https://boxd.it/SJarx,4.5,,,2019-11-27
2019-11-28,Margaret,2011,https://boxd.it/SMgDF,1,,,2019-11-27
2019-12-14,Love & Mercy,2014,https://boxd.it/TNWxF,3,,,2019-12-14
2019-12-14,I ♥ Huckabees,2004,https://boxd.it/TO4nt,4,,,2019-12-14
2019-12-25,In Fabric,2018,https://boxd.it/UBVLB,2.5,,,2019-12-24
2019-12-25,The Hebrew Hammer,2003,https://boxd.it/UCIA3,4,,,2019-12-25
2019-12-26,The Bye Bye Man,2017,https://boxd.it/UHYpZ,1,,,2019-12-26
2019-12-28,Holiday Hell,2019,https://boxd.it/UTe5t,2,,,2019-12-28
2019-12-30,Doom: Annihilation,2019,https://boxd.it/V5S2N,1.5,,,2019-12-30
2019-12-31,In Search of Darkness,2019,https://boxd.it/Vbaiz,3.5,,,2019-12-30
2020-01-02,976-EVIL,1988,https://boxd.it/Vm7fz,3,,,2020-01-01
2020-01-02,Ghost Story,1981,https://boxd.it/VnHzd,3,,,2020-01-01
2020-01-02,The Howling: Reborn,2011,https://boxd.it/VoiPH,1,,,2020-01-01
2020-01-02,Children of the Corn: Runaway,2018,https://boxd.it/Vp8Th,1,,,2020-01-01
2022-11-14,Cowboy Bebop,1998,https://boxd.it/3qIX69,4.5,Yes,,2020-01-01
2020-01-03,Knives Out,2019,https://boxd.it/VwSl5,4.5,,,2020-01-02
2020-01-04,Berberian Sound Studio,2012,https://boxd.it/VDf4X,3,,,2020-01-04
2020-01-07,The Howling,1981,https://boxd.it/VVFGJ,2.5,,,2020-01-06
2020-01-07,The 'Burbs,1989,https://boxd.it/VW933,3.5,,,2020-01-06
2020-01-08,Joker,2019,https://boxd.it/W1pVl,2,,,2020-01-07
2020-01-11,The Burning,1981,https://boxd.it/WglwV,3,,,2020-01-10
2020-01-11,Machete Maidens Unleashed!,2010,https://boxd.it/WgN2z,3.5,,,2020-01-10
2020-01-19,Fast & Furious Presents: Hobbs & Shaw,2019,https://boxd.it/X2cdV,3,,,2020-01-18
2020-02-01,Maleficent: Mistress of Evil,2019,https://boxd.it/YaTGL,2.5,,,2020-01-18
2020-02-01,Hustlers,2019,https://boxd.it/YaU1p,4.5,,,2020-01-18
2020-02-01,Booksmart,2019,https://boxd.it/YaUtN,4,,,2020-01-18
2020-02-01,Toy Story 4,2019,https://boxd.it/YaSgd,3,,,2020-01-30
2020-02-01,Once Upon a Time... in Hollywood,2019,https://boxd.it/YaV1F,3.5,,,2020-01-30
2020-02-02,Eddie and the Cruisers,1983,https://boxd.it/YfjPn,3.5,,,2020-02-01
2020-02-08,Birds of Prey (and the Fantabulous Emancipation of One Harley Quinn),2020,https://boxd.it/YMnTz,4,,,2020-02-07
2020-02-10,Dope,2015,https://boxd.it/YXpWd,5,Yes,,2020-02-09
2020-02-13,Memory: The Origins of Alien,2019,https://boxd.it/ZfHnB,3,,,2020-02-12
2020-02-14,Damsel,2018,https://boxd.it/ZkhIX,3.5,Yes,,2020-02-13
2020-02-14,Desperado,1995,https://boxd.it/ZkJZx,3.5,,,2020-02-13
2020-02-17,Doctor Sleep,2019,https://boxd.it/ZCjJz,4,,,2020-02-16
2020-02-18,Once Upon a Time in Mexico,2003,https://boxd.it/ZI7gn,3,,,2020-02-17
2020-02-18,A Nightmare on Elm Street,2010,https://boxd.it/ZJNbV,2,,,2020-02-17
2020-02-18,A.M.I.,2019,https://boxd.it/ZKaQn,2.5,,,2020-02-18
2020-02-19,Would You Rather,2012,https://boxd.it/ZPn89,2.5,,,2020-02-18
2020-02-20,Silent Hill,2006,https://boxd.it/ZUNsf,3,,,2020-02-19
2020-03-10,Waiting to Exhale,1995,https://boxd.it/11qtFV,3,,,2020-03-09
2020-03-10,The Descent,2005,https://boxd.it/11qNSl,2.5,,,2020-03-10
2020-03-21,The Invisible Man,2020,https://boxd.it/12le3B,3.5,,,2020-03-20
2020-04-05,Elvira: Mistress of the Dark,1988,https://boxd.it/1431q5,3,,,2020-04-03
2020-04-09,The Prince of Egypt,1998,https://boxd.it/14Ci67,2.5,,,2020-04-08
2020-04-12,Scott Pilgrim vs. the World,2010,https://boxd.it/150Nzn,5,Yes,,2020-04-10
2020-04-12,Daniel Isn't Real,2019,https://boxd.it/150Byx,3,,,2020-04-11
2020-04-12,The Thing,2011,https://boxd.it/151D2b,2.5,,,2020-04-12
2020-04-16,Never Surrender: A Galaxy Quest Documentary,2019,https://boxd.it/15yoNn,4,,,2020-04-15
2020-04-18,Color Out of Space,2019,https://boxd.it/15Mgl9,4,,,2020-04-17
2020-04-24,Tales from the Lodge,2019,https://boxd.it/16wcxn,2,,,2020-04-23
2020-04-24,Monkeybone,2001,https://boxd.it/16wZ8r,2.5,,,2020-04-24
2020-04-25,The Thing,1982,https://boxd.it/16E0qv,5,Yes,,2020-04-25
2020-04-27,Circus of Books,2019,https://boxd.it/16V8Rj,3.5,,,2020-04-26
2020-04-29,DeVour,2005,https://boxd.it/179xg1,2,,,2020-04-28
2020-05-03,Urban Legend,1998,https://boxd.it/17GoQ1,2,,,2020-05-02
2020-05-07,Darkness Falls,2003,https://boxd.it/1899Nf,1,,,2020-05-06
2020-05-16,Matinee,1993,https://boxd.it/19bdk5,4,,,2020-05-15
2020-05-16,My Boyfriend's Back,1993,https://boxd.it/19c5SZ,2,,,2020-05-16
2020-05-17,The Relic,1997,https://boxd.it/19jm8N,2.5,,,2020-05-16
2020-05-17,Creepshow 2,1987,https://boxd.it/19jFyl,2.5,,,2020-05-16
2020-05-21,Phantasm,1979,https://boxd.it/19LJFB,3.5,Yes,,2020-05-20
2020-05-21,Phantasm II,1988,https://boxd.it/19Mh9p,3,,,2020-05-20
2020-05-26,Come to Daddy,2019,https://boxd.it/1anVJL,3,,,2020-05-25
2020-05-28,Population 436,2006,https://boxd.it/1aCaup,2.5,,,2020-05-28
2020-05-29,Texas Chainsaw 3D,2013,https://boxd.it/1aHXDP,2.5,,,2020-05-28
2020-05-29,Leatherface,2017,https://boxd.it/1aHY9V,1,,,2020-05-28
2020-06-06,Strange Brew,1983,https://boxd.it/1bvBZp,3.5,,,2020-06-05
2020-06-07,Pure,2019,https://boxd.it/1bDcdV,2.5,,,2020-06-06
2020-06-07,"New Year, New You",2018,https://boxd.it/1bDV1l,2,,,2020-06-07
2020-06-08,I'm Just F*cking with You,2019,https://boxd.it/1bKb2B,2.5,,,2020-06-07
2020-06-08,Killer Grandma,2018,https://boxd.it/1bMbD7,2.5,,,2020-06-08
2020-06-09,Foxfire,1996,https://boxd.it/1bTqKB,3.5,,,2020-06-09
2020-06-11,Stage Fright,2014,https://boxd.it/1c588D,3,,,2020-06-10
2020-06-12,The Platform,2019,https://boxd.it/1caXZt,3.5,,,2020-06-11
2020-06-13,Sleepaway Camp II: Unhappy Campers,1988,https://boxd.it/1chfT1,1.5,,,2020-06-12
2020-06-13,Good Boy,2020,https://boxd.it/1cieh3,3.5,,,2020-06-13
2020-06-14,Tamara,2005,https://boxd.it/1comjj,1.5,,,2020-06-13
2020-06-16,Doomed! The Untold Story of Roger Corman's The Fantastic Four,2015,https://boxd.it/1cCTj5,4,,,2020-06-16
2020-06-20,"Electric Boogaloo: The Wild, Untold Story of Cannon Films",2014,https://boxd.it/1d0jm1,4,,,2020-06-19
2020-06-20,Scare Package,2019,https://boxd.it/1d11Q5,3,,,2020-06-20
2020-06-21,The Faculty,1998,https://boxd.it/1d72mR,4,,,2020-06-20
2020-06-23,After Midnight,2019,https://boxd.it/1dj6sj,3.5,,,2020-06-22
2020-06-24,Z,2019,https://boxd.it/1dq4hH,3,,,2020-06-23
2020-06-26,The Covenant,2006,https://boxd.it/1dA4dv,1,,,2020-06-25
2020-06-26,The Ranger,2018,https://boxd.it/1dBcTh,3,,,2020-06-26
2020-06-28,The Room,2019,https://boxd.it/1dNiG3,3,,,2020-06-27
2020-06-30,You Should Have Left,2020,https://boxd.it/1e0MPP,2.5,,,2020-06-29
2020-07-01,Bones,2001,https://boxd.it/1e6wm5,3.5,,,2020-06-30
2020-07-02,The Wandering Earth,2019,https://boxd.it/1ebEjj,3,,,2020-07-01
2020-07-04,What Lies Beneath,2000,https://boxd.it/1eoevT,3,,,2020-07-03
2020-07-04,Splice,2009,https://boxd.it/1ep4CR,3,,,2020-07-04
2020-07-06,Winchester,2018,https://boxd.it/1eDii5,2.5,,,2020-07-05
2020-07-07,Wolf,1994,https://boxd.it/1eJS3x,3.5,,,2020-07-06
2020-07-12,Palm Springs,2020,https://boxd.it/1ffcF9,4,,,2020-07-11
2020-07-12,"I, Frankenstein",2014,https://boxd.it/1fgiJN,2,,,2020-07-12
2020-07-13,The Phantom,1996,https://boxd.it/1fn5eB,3,,,2020-07-12
2020-07-14,Freddy vs. Jason,2003,https://boxd.it/1fupXZ,2.5,,,2020-07-13
2020-07-14,Jason Goes to Hell: The Final Friday,1993,https://boxd.it/1fuZij,1.5,,,2020-07-14
2020-07-15,The Old Guard,2020,https://boxd.it/1fAiw5,3,,,2020-07-14
2020-07-15,Eurovision Song Contest: The Story of Fire Saga,2020,https://boxd.it/1fAiAh,2.5,,,2020-07-14
2020-07-15,I Still Know What You Did Last Summer,1998,https://boxd.it/1fAzaF,2,,,2020-07-14
2020-07-16,Chastity Bites,2013,https://boxd.it/1fGuJ3,3,,,2020-07-15
2020-07-16,The Ballad of Buster Scruggs,2018,https://boxd.it/1fGuQD,3.5,,,2020-07-15
2020-07-18,Starship Troopers,1997,https://boxd.it/1fPWjv,4.5,Yes,,2020-07-17
2020-07-18,Total Recall,1990,https://boxd.it/1fSnEp,5,Yes,,2020-07-17
2020-07-18,Resident Evil: Afterlife,2010,https://boxd.it/1fSUWL,3,Yes,,2020-07-17
2020-07-18,Resident Evil,2002,https://boxd.it/1fTvKn,4.5,Yes,,2020-07-18
2020-07-19,Resident Evil: Apocalypse,2004,https://boxd.it/1fZu01,2.5,Yes,,2020-07-18
2020-07-20,Resident Evil: Extinction,2007,https://boxd.it/1g6Mzx,2.5,Yes,,2020-07-19
2020-07-20,Resident Evil: Retribution,2012,https://boxd.it/1g7QE9,2.5,Yes,,2020-07-20
2020-07-21,All Hallows' Eve 2,2015,https://boxd.it/1gdpUr,2,,,2020-07-20
2020-07-21,All Hallows' Eve,2013,https://boxd.it/1gdLm7,1.5,,,2020-07-20
2020-07-22,Resident Evil: The Final Chapter,2016,https://boxd.it/1ggPMz,2,,,2020-07-21
2020-07-22,Logan Lucky,2017,https://boxd.it/1ghDWf,4.5,,,2020-07-21
2020-07-22,Justice League Dark,2017,https://boxd.it/1giGEb,3,,,2020-07-21
2020-07-22,Justice League Dark: Apokolips War,2020,https://boxd.it/1giGOv,2,,,2020-07-21
2020-07-28,You Don't Nomi,2019,https://boxd.it/1gWhPX,3.5,,,2020-07-27
2020-07-28,The Guest,2014,https://boxd.it/1gWX79,4,,,2020-07-28
2020-07-29,The Rental,2020,https://boxd.it/1h2v2n,2.5,,,2020-07-28
2020-07-30,Vamps,2012,https://boxd.it/1h8sYF,3.5,,,2020-07-29
2020-07-31,Spaceballs,1987,https://boxd.it/1hesGj,5,Yes,,2020-07-30
2020-08-01,Resolution,2012,https://boxd.it/1hkbsL,3.5,,,2020-07-31
2020-08-02,Alita: Battle Angel,2019,https://boxd.it/1hoKkP,3.5,,,2020-08-01
2020-08-03,Blow the Man Down,2019,https://boxd.it/1hvHdb,3.5,,,2020-08-02
2020-08-03,Happy Death Day,2017,https://boxd.it/1hwrcN,4,,,2020-08-02
2020-08-03,Happy Death Day 2U,2019,https://boxd.it/1hx8oR,3.5,,,2020-08-02
2020-08-03,The Dunwich Horror,2008,https://boxd.it/1hy5Op,0.5,,,2020-08-02
2020-08-03,Truth or Dare,2018,https://boxd.it/1hyWlv,1.5,,,2020-08-03
2020-08-04,Brahms: The Boy II,2020,https://boxd.it/1hEoCT,1.5,,,2020-08-03
2020-08-04,Don't Be Afraid of the Dark,2010,https://boxd.it/1hF1jr,3,,,2020-08-04
2020-08-05,Leprechaun Returns,2018,https://boxd.it/1hKSQt,3,,,2020-08-04
2020-08-06,Late Phases,2014,https://boxd.it/1hQLtz,4,,,2020-08-05
2020-08-07,Stake Land,2010,https://boxd.it/1hWx3z,3.5,,,2020-08-06
2020-08-08,Among Friends,2012,https://boxd.it/1i2r5B,2,,,2020-08-07
2020-08-10,Selfie from Hell,2018,https://boxd.it/1ihF8p,1,,,2020-08-09
2020-08-11,Host,2020,https://boxd.it/1inOhn,3,,,2020-08-10
2020-08-12,An American Pickle,2020,https://boxd.it/1iummD,3.5,,,2020-08-11
2020-08-13,Deep Blue Sea 3,2020,https://boxd.it/1iAVl3,3,,,2020-08-12
2020-08-14,Tread,2020,https://boxd.it/1iGJwl,3.5,,,2020-08-13
2020-08-23,Live from the Space Stage: A HALYX Story,2020,https://boxd.it/1jy3HJ,4,,,2020-08-22
2020-08-23,American Nightmares,2018,https://boxd.it/1jCf51,3.5,,,2020-08-23
2020-08-27,We Summon the Darkness,2019,https://boxd.it/1k1oE5,2.5,,,2020-08-26
2020-08-28,1BR,2019,https://boxd.it/1k7uTn,2.5,,,2020-08-27
2020-08-29,Class Action Park,2020,https://boxd.it/1kel9T,3,,,2020-08-28
2020-09-07,They're Watching,2016,https://boxd.it/1le7z3,3,,,2020-09-06
2020-09-07,Scary Stories,2018,https://boxd.it/1leZhx,2.5,,,2020-09-07
2020-09-10,Madame X - An Absolute Ruler,1978,https://boxd.it/1lxQ4R,3.5,,,2020-09-09
2020-09-11,Feels Good Man,2020,https://boxd.it/1lDhNp,3.5,,,2020-09-10
2020-09-25,Teddy,2020,https://boxd.it/1n3Nod,3.5,,,2020-09-24
2020-10-24,Books of Blood,2020,https://boxd.it/1q9pJZ,2,,,2020-10-24
2020-10-24,Disappearance at Clifton Hill,2019,https://boxd.it/1qa1IP,3.5,,,2020-10-24
2020-10-26,The Mortuary Collection,2019,https://boxd.it/1qqGmx,3,,,2020-10-25
2020-10-26,Direct to Video: Straight to Video Horror of the 90s,2019,https://boxd.it/1qrt8z,3,,,2020-10-26
2020-10-28,Antebellum,2020,https://boxd.it/1qFyV5,2.5,,,2020-10-26
2020-10-28,Silent Night Deadly Night 4: Initiation,1990,https://boxd.it/1qFz1H,2.5,,,2020-10-26
2020-10-28,Stir of Echoes,1999,https://boxd.it/1qFz9B,2.5,,,2020-10-27
2020-11-02,Band Aid,2017,https://boxd.it/1recuh,4,,,2020-11-01
2020-11-02,The Craft: Legacy,2020,https://boxd.it/1rf78R,3.5,,,2020-11-01
2020-11-03,Bad Hair,2020,https://boxd.it/1royjF,4,,,2020-11-02
2020-11-07,Girl Walks Into a Bar,2011,https://boxd.it/1rLGxh,3,,,2020-11-07
2020-11-09,The New Mutants,2020,https://boxd.it/1rYxkJ,3,,,2020-11-08
2020-11-15,Ouija: Origin of Evil,2016,https://boxd.it/1syAXr,3,,,2020-11-14
2020-11-15,Call Me Lucky,2015,https://boxd.it/1szovR,5,,,2020-11-15
2020-11-16,In the Mouth of Madness,1994,https://boxd.it/1sGAa1,3.5,,,2020-11-16
2020-11-23,Enola Holmes,2020,https://boxd.it/1tpkEJ,3.5,,,2020-11-23
2020-11-24,Speed Racer,2008,https://boxd.it/1trWf7,4,,,2020-11-23
2020-11-25,The Fate of the Furious,2017,https://boxd.it/1tyDAf,3.5,,,2020-11-24
2020-11-25,Men in Black: International,2019,https://boxd.it/1tzhvJ,3,,,2020-11-24
2020-11-26,Deathgasm,2015,https://boxd.it/1tHl9X,3,,,2020-11-25
2020-11-29,The Lie,2018,https://boxd.it/1u1wYH,2.5,,,2020-11-28
2020-11-29,Blow the Man Down,2019,https://boxd.it/1u2GOJ,4,Yes,,2020-11-28
2020-12-05,Freaky,2020,https://boxd.it/1uHnPl,3.5,,,2020-12-04
2020-12-05,All the Boys Love Mandy Lane,2006,https://boxd.it/1uHQ31,2,,,2020-12-04
2020-12-08,Vampires vs. the Bronx,2020,https://boxd.it/1v52SB,4,,,2020-12-07
2020-12-11,Run,2020,https://boxd.it/1vnryx,3,,,2020-12-10
2020-12-18,Abnormal Attraction,2018,https://boxd.it/1w9ZAj,1.5,,,2020-12-18
2020-12-20,A Goofy Movie,1995,https://boxd.it/1wnPRd,4.5,,,2020-12-19
2020-12-20,Phantom of the Paradise,1974,https://boxd.it/1woIVz,4,,,2020-12-20
2020-12-20,Blow Out,1981,https://boxd.it/1wps1R,4.5,,philadelphia,2020-12-20
2020-12-21,Unknown Origins,2020,https://boxd.it/1wrGLN,3,,,2020-12-20
2020-12-21,The Boy Downstairs,2017,https://boxd.it/1wx0JH,1.5,,,2020-12-20
2020-12-22,30 Days of Night,2007,https://boxd.it/1wF9vb,3,,,2020-12-21
2020-12-23,Freaks – You're One of Us,2020,https://boxd.it/1wIzVP,3,,,2020-12-22
2020-12-27,Iron Man 3,2013,https://boxd.it/1xi4ex,3,Yes,,2020-12-23
2020-12-25,The Monster Squad,1987,https://boxd.it/1x212B,3.5,,,2020-12-24
2020-12-25,Wolfman's Got Nards,2018,https://boxd.it/1x3psZ,3,,,2020-12-24
2020-12-25,His Name Was Jason: 30 Years of Friday the 13th,2009,https://boxd.it/1x3pBn,3,,,2020-12-24
2020-12-26,J.R. “Bob” Dobbs and The Church of the SubGenius,2019,https://boxd.it/1x73Gt,4.5,,,2020-12-25
2020-12-26,Friday,1995,https://boxd.it/1xadw5,3.5,Yes,,2020-12-25
2020-12-26,Coyote Ugly,2000,https://boxd.it/1xbzK1,3,,,2020-12-25
2020-12-26,Anna and the Apocalypse,2017,https://boxd.it/1xeutv,4.5,Yes,,2020-12-25
2020-12-27,Quicksilver Highway,1997,https://boxd.it/1xqcTJ,1.5,,,2020-12-26
2020-12-28,Dreams in the Witch House,2005,https://boxd.it/1xAyrx,2.5,,,2020-12-26
2020-12-28,Incident On and Off a Mountain Road,2005,https://boxd.it/1xAyTr,2,,,2020-12-26
2020-12-27,Charlotte,2017,https://boxd.it/1xqeoj,1.5,,,2020-12-27
2020-12-28,Jenifer,2005,https://boxd.it/1xAxDR,2.5,,,2020-12-27
2020-12-28,Dance of the Dead,2005,https://boxd.it/1xAy6T,3.5,,,2020-12-27
2020-12-28,Chocolate,2005,https://boxd.it/1xBtcT,2.5,,,2020-12-27
2020-12-28,Homecoming,2005,https://boxd.it/1xC5ZT,3,,,2020-12-27
2020-12-28,Deer Woman,2005,https://boxd.it/1xCzWb,3.5,,,2020-12-27
2020-12-29,Cigarette Burns,2005,https://boxd.it/1xMN4n,4,,,2020-12-28
2020-12-30,Sick Girl,2006,https://boxd.it/1xWvtJ,3,,,2020-12-29
2020-12-31,The Damned Thing,2006,https://boxd.it/1y8FFT,2.5,,,2020-12-30
2020-12-31,Family,2006,https://boxd.it/1y8FTr,3,,,2020-12-30
2020-12-31,Sounds Like,2006,https://boxd.it/1y8G5x,2.5,,,2020-12-30
2020-12-31,Pro-Life,2006,https://boxd.it/1y8Cqr,3,,,2020-12-31
2021-01-01,Johnny Mnemonic,1995,https://boxd.it/1yhwpZ,3.5,Yes,,2020-12-31
2021-01-01,The Screwfly Solution,2006,https://boxd.it/1yi1h3,3,,,2021-01-01
2021-01-02,Right to Die,2007,https://boxd.it/1ysyTf,3.5,,,2021-01-01
2021-05-23,El Mariachi,1992,https://boxd.it/1SyJCL,3.5,,,2021-01-01
2021-01-02,We All Scream for Ice Cream,2007,https://boxd.it/1yvrtF,3.5,,,2021-01-02
2021-01-02,The Black Cat,2007,https://boxd.it/1yvQMd,3.5,,,2021-01-02
2021-01-04,The Washingtonians,2007,https://boxd.it/1yVMil,3.5,,,2021-01-03
2021-01-04,Dream Cruise,2007,https://boxd.it/1yWcfn,2.5,,,2021-01-03
2021-01-11,We Can Be Heroes,2020,https://boxd.it/1zVRHp,3,,,2021-01-10
2021-01-17,Promising Young Woman,2020,https://boxd.it/1AYxWf,4,,,2021-01-16
2021-01-24,In Search of Darkness: Part II,2020,https://boxd.it/1C1lov,3.5,,,2021-01-24
2021-02-06,Birds of Prey (and the Fantabulous Emancipation of One Harley Quinn),2020,https://boxd.it/1DLwRp,4,Yes,,2021-02-04
2021-02-14,Willy's Wonderland,2021,https://boxd.it/1ETZtL,3,,,2021-02-13
2021-02-20,Jiu Jitsu,2020,https://boxd.it/1FQMRX,1.5,,,2021-02-13
2021-02-18,All the Creatures Were Stirring,2018,https://boxd.it/1Fz5VX,2.5,,,2021-02-17
2021-02-18,A Babysitter's Guide to Monster Hunting,2020,https://boxd.it/1FApJ5,2,,,2021-02-18
2021-02-20,Witchboard,1986,https://boxd.it/1FPG6f,3,,,2021-02-19
2021-02-20,Angel Heart,1987,https://boxd.it/1FQDTP,4,,,2021-02-19
2021-02-20,The Wolf of Snow Hollow,2020,https://boxd.it/1FRo11,3.5,,,2021-02-20
2021-02-22,Space Sweepers,2021,https://boxd.it/1G5C5J,4.5,,,2021-02-21
2021-02-23,Tentacles,2021,https://boxd.it/1GkDn5,2.5,,,2021-02-22
2021-03-06,Scare Me,2020,https://boxd.it/1HKcDB,3.5,,,2021-03-05
2021-03-08,To Your Last Death,2019,https://boxd.it/1I1Lnx,2.5,,,2021-03-07
2021-03-12,Anaconda,1997,https://boxd.it/1IxMrz,2.5,,,2021-03-11
2021-03-19,Zack Snyder's Justice League,2021,https://boxd.it/1JtgmN,2,,,2021-03-18
2021-03-23,Dirty Computer,2018,https://boxd.it/1K3xCb,4,,,2021-03-22
2021-03-28,Slaxx,2020,https://boxd.it/1KJj2H,3,,,2021-03-28
2021-04-10,Blood Moon,2021,https://boxd.it/1MAK9Z,3,,,2021-04-09
2021-04-12,A Nightmare Wakes,2020,https://boxd.it/1MWwWd,2.5,,,2021-04-11
2021-04-12,Leprechaun: Back 2 tha Hood,2003,https://boxd.it/1MXivz,2,,,2021-04-12
2021-04-19,Candyman: Day of the Dead,1999,https://boxd.it/1NXiuv,2,,,2021-04-18
2021-04-21,Fantastic Four,2015,https://boxd.it/1Oc7lx,1,,,2021-04-19
2021-04-21,Raya and the Last Dragon,2021,https://boxd.it/1Oc5iV,3,,,2021-04-20
2021-04-28,Sky Sharks,2020,https://boxd.it/1PgB0L,2,,,2021-04-28
2021-04-30,Jakob's Wife,2021,https://boxd.it/1PuRSx,3,,,2021-04-29
2021-05-01,Bride of Chucky,1998,https://boxd.it/1PD5z1,3.5,,,2021-04-30
2021-05-01,Seed of Chucky,2004,https://boxd.it/1PD5I3,2.5,,,2021-05-01
2021-05-02,Hello I Must Be Going,2012,https://boxd.it/1PIKEV,2,,,2021-05-01
2021-05-02,9 Songs,2004,https://boxd.it/1PL5GR,2.5,,,2021-05-01
2021-05-02,Space Truckers,1996,https://boxd.it/1PNdJD,3,,,2021-05-02
2021-05-02,Two Evil Eyes,1990,https://boxd.it/1PNL7D,3,,,2021-05-02
2021-05-03,The Mitchells vs. the Machines,2021,https://boxd.it/1PQQ9Z,4,,,2021-05-02
2021-05-03,Robot Jox,1989,https://boxd.it/1PXEPN,3,,,2021-05-02
2021-05-04,Map to the Stars,2018,https://boxd.it/1Q7lM1,4,,,2021-05-04
2021-05-05,Rattlesnake,2019,https://boxd.it/1Qezyh,2.5,,,2021-05-04
2021-05-07,Ghost Ship,2002,https://boxd.it/1QtwAJ,2,,,2021-05-05
2021-05-07,House on Haunted Hill,1999,https://boxd.it/1Qtwoj,3.5,,,2021-05-06
2021-05-08,Death Ship,1980,https://boxd.it/1QAvHD,3,,,2021-05-07
2021-05-08,The Frighteners,1996,https://boxd.it/1QBrs7,3.5,,,2021-05-08
2021-05-09,Another Round,2020,https://boxd.it/1QJGW3,4.5,,,2021-05-08
2021-05-10,The Lockdown Hauntings,2021,https://boxd.it/1QSGJB,1.5,,,2021-05-09
2021-05-11,Things Heard & Seen,2021,https://boxd.it/1R1mp5,2.5,,,2021-05-10
2021-05-12,Waxwork,1988,https://boxd.it/1R8xAH,3,,,2021-05-11
2021-05-12,Waxwork II: Lost in Time,1992,https://boxd.it/1R99fR,3,,,2021-05-12
2021-05-13,Skeletons in the Closet,2018,https://boxd.it/1Rg763,1,,,2021-05-12
2021-05-13,Monster Party,2018,https://boxd.it/1RgCZX,3,,,2021-05-12
2021-05-15,The Scary House,2020,https://boxd.it/1RvD07,3,,,2021-05-14
2021-05-16,Who's Afraid of Virginia Woolf?,1966,https://boxd.it/1RGFwV,5,,,2021-05-16
2021-05-17,Intersect,2020,https://boxd.it/1RQ14H,2,,,2021-05-16
2021-05-18,Dagon,2001,https://boxd.it/1RXgqx,3.5,,,2021-05-17
2021-05-18,"Lock, Stock and Two Smoking Barrels",1998,https://boxd.it/1RYyHj,5,Yes,,2021-05-17
2021-05-19,Night of the Living Dead,1990,https://boxd.it/1S5vLB,3.5,,,2021-05-18
2021-05-20,Tenacious D in The Pick of Destiny,2006,https://boxd.it/1ScRpr,3,Yes,,2021-05-20
2021-05-21,"Chutzpah, This Is?",2005,https://boxd.it/1SiKPJ,5,,,2021-05-20
2021-05-25,Benny Loves You,2019,https://boxd.it/1SSuWr,3,,,2021-05-24
2021-05-26,The Conjuring,2013,https://boxd.it/1T0E8R,4.5,,,2021-05-26
2021-05-28,Night of the Demons,2009,https://boxd.it/1Tek15,1.5,,,2021-05-26
2021-05-28,Night of the Demons,1988,https://boxd.it/1TekbT,3.5,,,2021-05-27
2021-06-05,Wonder Woman 1984,2020,https://boxd.it/1UiH1f,2.5,,,2021-06-04
2021-06-21,The Conjuring: The Devil Made Me Do It,2021,https://boxd.it/1Wp1Zf,3,,,2021-06-20
2021-06-22,Castle Freak,1995,https://boxd.it/1WxQt1,3,,,2021-06-22
2021-06-24,Bo Burnham: Inside,2021,https://boxd.it/1WN567,4,,,2021-06-24
2021-06-25,An Unquiet Grave,2020,https://boxd.it/1WSFwl,2.5,,,2021-06-24
2021-06-28,Honeymoon,2014,https://boxd.it/1XiTLB,3.5,,,2021-06-27
2021-07-02,Darkman,1990,https://boxd.it/1XNsAt,4,,,2021-07-01
2021-07-05,Fear Street: 1994,2021,https://boxd.it/1YbuXn,4,,,2021-07-04
2021-07-06,Excalibur,1981,https://boxd.it/1YpQQr,3.5,,,2021-07-05
2021-07-06,Werewolves Within,2021,https://boxd.it/1Yqj97,3,,,2021-07-05
2021-07-11,Fear Street: 1978,2021,https://boxd.it/1Z9vdv,3,,,2021-07-11
2021-07-12,The Kid Detective,2020,https://boxd.it/1Zin5L,4,,,2021-07-11
2021-07-12,Grind,2003,https://boxd.it/1Zjvhx,2.5,,,2021-07-11
2021-07-13,Rise of the Planet of the Apes,2011,https://boxd.it/1Zr8er,3.5,,,2021-07-12
2021-07-13,The Current Occupant,2020,https://boxd.it/1Zs49z,2,,,2021-07-12
2021-07-17,Sinister 2,2015,https://boxd.it/1ZVayX,2,,,2021-07-15
2021-07-23,Fear Street: 1666,2021,https://boxd.it/20R5If,3.5,,,2021-07-20
2021-07-26,The Strangers: Prey at Night,2018,https://boxd.it/21q4Sj,2.5,,,2021-07-25
2021-08-04,Black Widow,2021,https://boxd.it/22IuT3,3,,,2021-07-28
2021-07-30,Dawn of the Planet of the Apes,2014,https://boxd.it/21WQt1,4.5,,,2021-07-29
2021-07-30,Cadaver,2020,https://boxd.it/21Y4jh,3,,,2021-07-29
2021-08-01,Swan Song,2021,https://boxd.it/22fV8Z,5,,,2021-07-31
2021-08-02,Candyman,1992,https://boxd.it/22q2Gf,4,Yes,,2021-08-01
2021-08-02,The Dead Zone,1983,https://boxd.it/22qXmV,3.5,,,2021-08-01
2021-08-04,Species,1995,https://boxd.it/22Icz5,3,,,2021-08-03
2021-08-04,Species II,1998,https://boxd.it/22Iu1v,2,,,2021-08-04
2021-08-06,Prom Night,2008,https://boxd.it/22YEKn,2,,,2021-08-05
2021-08-06,Prom Night,1980,https://boxd.it/230wQB,2,,,2021-08-06
2021-08-07,Scott Pilgrim vs. the World,2010,https://boxd.it/2399lj,5,Yes,,2021-08-07
2021-08-09,Pooka Lives!,2020,https://boxd.it/23uLlj,3.5,,,2021-08-09
2021-08-20,Halloween Party,2019,https://boxd.it/252jyL,2.5,,,2021-08-20
2021-08-22,Dead End,2003,https://boxd.it/25jx8V,3.5,,,2021-08-21
2021-08-24,Severance,2006,https://boxd.it/25Dem5,4,,,2021-08-23
2021-08-26,Mercy Black,2019,https://boxd.it/25TGSZ,3.5,,,2021-08-25
2021-08-28,False Positive,2021,https://boxd.it/264ehD,2.5,,,2021-08-26
2021-08-28,The Witcher: Nightmare of the Wolf,2021,https://boxd.it/264bQb,3.5,,,2021-08-27
2021-08-28,The Amityville Horror,2005,https://boxd.it/26acRV,2.5,,,2021-08-28
2021-08-28,Amityville: The Awakening,2017,https://boxd.it/26ad5X,2.5,,,2021-08-28
2021-08-29,The Gentlemen,2019,https://boxd.it/26fplN,3.5,,,2021-08-28
2021-08-29,Wrath of Man,2021,https://boxd.it/26gQFx,3.5,,,2021-08-28
2021-09-01,You Can't Kill Stephen King,2012,https://boxd.it/26KvvL,1.5,,,2021-08-31
2021-09-01,Candyman,2021,https://boxd.it/26KBUR,4.5,,,2021-08-31
2021-09-02,The Orange Years: The Nickelodeon Story,2018,https://boxd.it/26Snvp,4,,,2021-09-01
2021-09-06,Jay and Silent Bob Strike Back,2001,https://boxd.it/27sQeT,3.5,Yes,,2021-09-05
2021-09-06,Chasing Amy,1997,https://boxd.it/27tXL3,3,Yes,,2021-09-06
2021-09-07,Digging Up the Marrow,2014,https://boxd.it/27D1tl,2.5,,,2021-09-06
2021-09-09,Censor,2021,https://boxd.it/27SOoJ,3.5,,,2021-09-08
2021-09-13,Casper,1995,https://boxd.it/28pWhx,3,Yes,,2021-09-12
2021-09-13,The Forever Purge,2021,https://boxd.it/28renP,3,,,2021-09-12
2021-09-14,Malignant,2021,https://boxd.it/28Avil,3.5,,,2021-09-13
2021-09-14,Doggie Heaven,2008,https://boxd.it/28AzLr,2,,,2021-09-13
2021-09-21,Halloween: The Curse of Michael Myers,1995,https://boxd.it/29vndB,2.5,,,2021-09-20
2021-09-23,Halloween: Resurrection,2002,https://boxd.it/29JSrn,2,,,2021-09-22
2021-09-23,Blood Fest,2018,https://boxd.it/29KrLH,3,,,2021-09-22
2021-09-24,War for the Planet of the Apes,2017,https://boxd.it/29QGuD,4,Yes,,2021-09-23
2021-09-27,Old,2021,https://boxd.it/2aifNJ,3.5,,,2021-09-26
2021-10-03,Exorcist: The Beginning,2004,https://boxd.it/2b7rkV,3,,,2021-10-02
2021-10-04,Queen of the Damned,2002,https://boxd.it/2bj3Zp,2,,,2021-10-03
2021-10-04,Tragedy Girls,2017,https://boxd.it/2bjQiz,3,,,2021-10-04
2021-10-07,The Haunting,1999,https://boxd.it/2bJt89,2,,,2021-10-07
2021-10-08,The Hitcher,1986,https://boxd.it/2bQCan,3.5,,,2021-10-07
2021-10-09,The Hitcher,2007,https://boxd.it/2bTCUL,2.5,,,2021-10-08
2021-10-10,Possession,1981,https://boxd.it/2c7rw7,4,,,2021-10-09
2021-10-14,Transylvania 6-5000,1985,https://boxd.it/2cOiy5,2,,,2021-10-13
2021-10-15,Vibes,1988,https://boxd.it/2cVueF,2.5,,,2021-10-14
2021-10-29,Dune,2021,https://boxd.it/2f73xn,3,,,2021-10-27
2021-10-29,Shin Godzilla,2016,https://boxd.it/2f73Kr,4,,,2021-10-28
2021-10-31,The Spine of Night,2021,https://boxd.it/2fuB3n,3,,,2021-10-31
2021-11-01,Lyle,2014,https://boxd.it/2fHHFD,3.5,,,2021-11-01
2021-11-16,Halloween Kills,2021,https://boxd.it/2i4s9V,2.5,,,2021-11-15
2021-11-25,Midnight Mass,2021,https://boxd.it/2joEfZ,4.5,,,2021-11-25
2021-11-28,Super Hot,2021,https://boxd.it/2jQqAl,3,,,2021-11-27
2021-12-01,Bloody Hell,2020,https://boxd.it/2kkgM7,3.5,,,2021-11-30
2022-02-01,Charm Circle,2021,https://boxd.it/2xzSRh,5,,,2021-12-01
2021-12-08,The Fly,1986,https://boxd.it/2lm2k7,4,Yes,,2021-12-07
2021-12-09,Hansel & Gretel: Witch Hunters,2013,https://boxd.it/2luh7D,3.5,,,2021-12-08
2021-12-17,Shang-Chi and the Legend of the Ten Rings,2021,https://boxd.it/2mHEA9,3.5,,,2021-12-16
2022-01-08,Free Guy,2021,https://boxd.it/2s6zFX,3,,,2021-12-22
2021-12-25,Hello Mary Lou: Prom Night II,1987,https://boxd.it/2okJ0d,3,,,2021-12-25
2021-12-28,Resident Evil: Welcome to Raccoon City,2021,https://boxd.it/2p5trr,2.5,,,2021-12-27
2021-12-28,The Dead Don't Die,2019,https://boxd.it/2p7jHX,3,,,2021-12-27
2022-01-03,Fullmetal Alchemist: Brotherhood,2009,https://boxd.it/2qRmT9,4,,,2022-01-03
2022-01-07,Elvira's Haunted Hills,2001,https://boxd.it/2rQZ7P,3,,,2022-01-06
2022-01-07,Grabbers,2012,https://boxd.it/2rS2G1,3.5,,,2022-01-07
2022-01-08,The Matrix Resurrections,2021,https://boxd.it/2s6A0V,4,,,2022-01-07
2022-01-09,Don't Look Up,2021,https://boxd.it/2sdJNh,2.5,,,2022-01-08
2022-01-14,Venom: Let There Be Carnage,2021,https://boxd.it/2tH3FJ,3,,,2022-01-13
2022-01-14,#Horror,2015,https://boxd.it/2tInLJ,2.5,,,2022-01-14
2022-01-17,Bad Candy,2020,https://boxd.it/2uuiUH,2.5,,,2022-01-16
2022-01-19,Brand New Cherry Flavor,2021,https://boxd.it/2uVTgt,3.5,,,2022-01-18
2022-01-22,"Woodstock 99: Peace, Love, and Rage",2021,https://boxd.it/2vwEBP,2.5,,,2022-01-22
2022-01-23,Antlers,2021,https://boxd.it/2vKpqP,3,,,2022-01-22
2022-01-23,The Empty Man,2020,https://boxd.it/2vLZQh,3.5,,,2022-01-23
2022-01-29,Ghostbusters: Afterlife,2021,https://boxd.it/2wUeQh,3,,,2022-01-28
2022-01-29,The Many Saints of Newark,2021,https://boxd.it/2wW1LH,2.5,,,2022-01-28
2022-01-29,Horror Express,1972,https://boxd.it/2wX0HB,3,,,2022-01-29
2022-02-03,Ask Dr. Ruth,2019,https://boxd.it/2xUq0h,4.5,,,2022-02-02
2022-02-03,Hail Satan?,2019,https://boxd.it/2xVerR,5,Yes,,2022-02-02
2022-02-04,A Creepshow Holiday Special,2020,https://boxd.it/2y3qUx,3.5,,,2022-02-03
2022-02-04,A Creepshow Animated Special,2020,https://boxd.it/2y3XSz,3,,,2022-02-03
2022-02-04,Horror Noire,2021,https://boxd.it/2y5hXL,3.5,,,2022-02-04
2022-02-05,The Columnist,2019,https://boxd.it/2yeSaT,4,,,2022-02-04
2022-02-06,Hilda and the Mountain King,2021,https://boxd.it/2yjJJl,4,,,2022-02-05
2022-02-08,The Devil's Advocate,1997,https://boxd.it/2yRfcp,4,,,2022-02-07
2022-02-09,Friday the 13th,2009,https://boxd.it/2z18XN,2.5,,,2022-02-08
2022-02-11,Iron Sky,2012,https://boxd.it/2zl5d3,2.5,Yes,,2022-02-09
2022-02-11,Iron Sky: The Coming Race,2019,https://boxd.it/2zl5jP,2,,,2022-02-09
2022-02-11,The Texas Chainsaw Massacre,2003,https://boxd.it/2zlUzT,2.5,,,2022-02-10
2022-02-11,The Texas Chainsaw Massacre: The Beginning,2006,https://boxd.it/2zmG5x,2,,,2022-02-10
2022-02-12,Toolbox Murders,2004,https://boxd.it/2zx1ix,3,,,2022-02-11
2022-02-12,Mortuary,2005,https://boxd.it/2zyjr5,3.5,,,2022-02-12
2022-02-13,Snakes on a Plane,2006,https://boxd.it/2zKaXv,3.5,,,2022-02-12
2022-02-14,Wishmaster,1997,https://boxd.it/2zXFNx,3.5,,,2022-02-13
2022-02-15,Thir13en Ghosts,2001,https://boxd.it/2A8mRx,3.5,,,2022-02-14
2022-02-19,The Return of the Texas Chainsaw Massacre,1995,https://boxd.it/2AOOab,3,,,2022-02-18
2022-02-19,Cherry Falls,2000,https://boxd.it/2APZWH,3.5,,,2022-02-19
2022-02-20,Valentine,2001,https://boxd.it/2B30pZ,2.5,,,2022-02-19
2022-02-21,Texas Chainsaw Massacre,2022,https://boxd.it/2BhlPx,2.5,,,2022-02-20
2022-02-23,Titane,2021,https://boxd.it/2BxgCF,3.5,,,2022-02-21
2022-02-23,Dracula: Dead and Loving It,1995,https://boxd.it/2BDZlB,4,,,2022-02-22
2022-02-26,No Time to Die,2021,https://boxd.it/2C7Lkp,3.5,,,2022-02-25
2022-02-27,Dorian Gray,2009,https://boxd.it/2CjSpP,2.5,,,2022-02-26
2022-02-28,The Suicide Squad,2021,https://boxd.it/2CrVTT,4,,,2022-02-27
2022-03-01,The King's Man,2021,https://boxd.it/2CDeSH,2,,,2022-02-28
2022-03-01,A Tale of Two Sisters,2003,https://boxd.it/2CEc5Z,3.5,,,2022-02-28
2022-03-02,The Host,2006,https://boxd.it/2COloL,5,Yes,,2022-03-01
2022-03-03,Frankenhooker,1990,https://boxd.it/2CXF03,3.5,,,2022-03-02
2022-03-08,Scary Movie 5,2013,https://boxd.it/2DYpql,1.5,,,2022-03-07
2022-03-09,Scary Movie 4,2006,https://boxd.it/2E7ZKf,1,,,2022-03-08
2022-03-09,Not Another Teen Movie,2001,https://boxd.it/2E8QsX,2.5,,,2022-03-08
2022-03-11,Moon,2009,https://boxd.it/2Es87V,5,Yes,,2022-03-10
2022-03-13,American Psycho II: All American Girl,2002,https://boxd.it/2EPvCt,2,,,2022-03-12
2022-03-16,Hawkeye,2021,https://boxd.it/2FrBRZ,4,,,2022-03-15
2022-03-18,Leprechaun 4: In Space,1997,https://boxd.it/2FNUgd,2,,,2022-03-17
2022-03-27,Shark Night 3D,2011,https://boxd.it/2HuOut,2,,,2022-03-26
2022-03-27,Dracula Untold,2014,https://boxd.it/2HvSml,2.5,,,2022-03-26
2022-03-28,The Lure,2015,https://boxd.it/2HJnC1,4,,,2022-03-27
2022-03-31,10 Cloverfield Lane,2016,https://boxd.it/2IbaNB,5,Yes,,2022-03-30
2022-03-31,Vampires: Los Muertos,2002,https://boxd.it/2Ice4x,3,,,2022-03-30
2022-04-05,Everything Everywhere All at Once,2022,https://boxd.it/2J6AW9,5,,,2022-04-04
2022-04-08,Face/Off,1997,https://boxd.it/2JAX5R,4,Yes,,2022-04-07
2022-04-11,Open 24 Hours,2018,https://boxd.it/2KbrcF,3.5,,,2022-04-11
2022-05-02,Baby Oopsie,2021,https://boxd.it/2NW3Rl,3,,,2022-05-01
2022-05-03,Space Cop,2016,https://boxd.it/2O6nXj,3,,,2022-05-02
2022-05-08,Moon Knight,2022,https://boxd.it/2OSviT,3,,,2022-05-07
2022-05-08,Tommy,1975,https://boxd.it/2OYXJF,4,,,2022-05-07
2022-05-09,Listening to Kenny G,2021,https://boxd.it/2PbWPD,4,,,2022-05-08
2022-05-15,The Cell,2000,https://boxd.it/2Qduvt,3.5,,,2022-05-15
2022-05-24,Jeepers Creepers,2001,https://boxd.it/2RV7kJ,3,,,2022-05-24
2022-05-25,Sonic the Hedgehog 2,2022,https://boxd.it/2S3s2d,3,,,2022-05-24
2022-05-25,Jeepers Creepers 2,2003,https://boxd.it/2S3TcT,3,,,2022-05-24
2022-05-25,Jeepers Creepers 3,2017,https://boxd.it/2S4S05,2,,,2022-05-24
2022-05-30,The Unbearable Weight of Massive Talent,2022,https://boxd.it/2SVi4L,3.5,,,2022-05-27
2022-05-30,We're All Going to the World's Fair,2021,https://boxd.it/2SVFdL,3.5,,,2022-05-29
2022-05-31,Boys from County Hell,2020,https://boxd.it/2T76oj,3.5,,,2022-05-30
2022-06-03,Fantastic Beasts: The Secrets of Dumbledore,2022,https://boxd.it/2Tz8VF,2.5,,,2022-06-02
2022-06-04,Morbius,2022,https://boxd.it/2TIzYz,2,,,2022-06-03
2022-06-06,Miskatonic U,2021,https://boxd.it/2U9L1D,2.5,,,2022-06-05
2022-06-06,Beyond Re-Animator,2003,https://boxd.it/2Ubczf,3,,,2022-06-06
2022-06-08,Darkness,2002,https://boxd.it/2UvVDL,1.5,,,2022-06-07
2022-06-09,All My Friends Hate Me,2021,https://boxd.it/2UGa0J,3,,,2022-06-08
2022-06-12,Return to House on Haunted Hill,2007,https://boxd.it/2V6nTz,2.5,,,2022-06-11
2022-06-24,Hellbender,2021,https://boxd.it/2XqrEh,4,,,2022-06-23
2022-06-25,The Void,2016,https://boxd.it/2XBXal,4,Yes,,2022-06-24
2022-06-28,Looney Tunes: Back in Action,2003,https://boxd.it/2YfQrJ,3.5,,,2022-06-28
2022-07-08,Obi-Wan Kenobi,2022,https://boxd.it/2ZWWcb,3,,,2022-07-01
2022-07-02,The Boys from Brazil,1978,https://boxd.it/2YVFBn,4,,,2022-07-02
2022-07-07,Jurassic World Dominion,2022,https://boxd.it/2ZPQjL,3,,,2022-07-06
2022-07-07,Chip 'n Dale: Rescue Rangers,2022,https://boxd.it/2ZRLMn,3.5,,,2022-07-06
2022-07-07,Doctor Strange in the Multiverse of Madness,2022,https://boxd.it/2ZTjrl,4,,,2022-07-07
2022-07-08,Irma Vep,1996,https://boxd.it/3024jT,4,,,2022-07-07
2022-07-09,The Scary of Sixty-First,2021,https://boxd.it/30eBup,,,,2022-07-08
2022-07-09,Scream,2022,https://boxd.it/30fWGX,3.5,,,2022-07-08
2022-07-11,Jay and Silent Bob Reboot,2019,https://boxd.it/30HcvF,3,,,2022-07-10
2022-07-12,Dogma,1999,https://boxd.it/30UpSX,4.5,Yes,,2022-07-11
2022-07-24,The Bob's Burgers Movie,2022,https://boxd.it/33hRkj,4,,,2022-07-23
2022-07-25,The Black Phone,2021,https://boxd.it/33yPwB,3.5,,,2022-07-24
2022-07-26,A Perfect Getaway,2009,https://boxd.it/33LzlX,3.5,,,2022-07-25
2022-07-27,The Gray Man,2022,https://boxd.it/33Wxkb,2,,,2022-07-26
2022-07-27,Master,2022,https://boxd.it/33YvPF,3.5,,,2022-07-26
2022-07-29,King Arthur: Legend of the Sword,2017,https://boxd.it/34D72h,3,Yes,,2022-07-27
2022-07-29,TRIGUN,1998,https://boxd.it/34Bkij,3,,,2022-07-28
2022-08-05,Pennywise: The Story of ‘It’,2021,https://boxd.it/35ZvAv,3,,,2022-08-03
2022-08-05,Devil,2010,https://boxd.it/368UeH,3,,,2022-08-03
2022-08-07,The Day of the Beast,1995,https://boxd.it/36A0EF,3.5,,,2022-08-07
2022-08-08,Heathers,1989,https://boxd.it/36PYd5,4,,,2022-08-08
2022-08-16,Bleed with Me,2020,https://boxd.it/38vv8t,2.5,,,2022-08-15
2022-08-16,The Hunt,2020,https://boxd.it/38vuv7,2.5,,,2022-08-16
2022-08-24,Glorious,2022,https://boxd.it/3a3g9N,4,,,2022-08-23
2022-08-24,Unfriended: Dark Web,2018,https://boxd.it/3a4Opx,3,,,2022-08-24
2022-08-28,Choose or Die,2022,https://boxd.it/3aOhuL,2.5,,,2022-08-28
2022-08-29,Nope,2022,https://boxd.it/3b1Ioh,4.5,,,2022-08-28
2022-08-30,Orphan: First Kill,2022,https://boxd.it/3bcdkZ,2,,,2022-08-29
2022-08-31,Seance,2021,https://boxd.it/3bnsqv,2.5,,,2022-08-30
2022-08-31,Haunt,2019,https://boxd.it/3bozvf,2.5,,,2022-08-30
2022-09-01,Moloch,2022,https://boxd.it/3byoRz,3.5,,,2022-08-31
2022-09-01,Intruder,1989,https://boxd.it/3bzgWt,4,,,2022-09-01
2022-09-24,Kimi,2022,https://boxd.it/3fMZqz,3.5,,,2022-09-11
2022-09-24,The Man from U.N.C.L.E.,2015,https://boxd.it/3fN1aj,3.5,,,2022-09-11
2022-09-20,Jug Face,2013,https://boxd.it/3f6z1p,3,,,2022-09-19
2022-09-22,Habit,1995,https://boxd.it/3fst9r,4,,,2022-09-21
2022-09-25,The Munsters,2022,https://boxd.it/3g1YAN,2.5,,,2022-09-24
2022-10-03,Cyberpunk: Edgerunners,2022,https://boxd.it/3hJ4dP,3.5,,,2022-09-24
2022-10-07,Steven Universe: The Movie,2019,https://boxd.it/3ivVSH,3.5,,,2022-09-24
2022-09-29,Star vs. the Forces of Evil: The Battle for Mewni,2017,https://boxd.it/3gOEG5,3.5,,,2022-09-26
2022-09-28,Aliens vs Predator: Requiem,2007,https://boxd.it/3gFFcx,2,,,2022-09-28
2022-10-07,Steven Universe Future,2019,https://boxd.it/3ivWaB,3.5,,,2022-09-30
2022-10-04,Six-String Samurai,1998,https://boxd.it/3hWzWH,4,,,2022-10-03
2022-10-05,Shoot 'Em Up,2007,https://boxd.it/3i661d,4,Yes,,2022-10-04
2022-10-05,The Woods,2006,https://boxd.it/3i7wST,3.5,,,2022-10-04
2022-10-06,Thor: Love and Thunder,2022,https://boxd.it/3ienlP,3.5,,,2022-10-05
2022-10-06,Wendigo,2001,https://boxd.it/3iiD5V,3.5,,,2022-10-05
2022-10-06,The Last Winter,2006,https://boxd.it/3ikd1d,3,,,2022-10-05
2022-10-09,Depraved,2019,https://boxd.it/3iZ2R5,4,,,2022-10-09
2022-10-11,Hellraiser,2022,https://boxd.it/3jqqDl,3,,,2022-10-10
2022-10-14,Three... Extremes,2004,https://boxd.it/3k0ZsJ,3.5,,,2022-10-13
2022-10-17,Halloween Ends,2022,https://boxd.it/3kGucT,3,,,2022-10-16
2022-10-18,The Theatre Bizarre,2011,https://boxd.it/3kUCAn,2.5,,,2022-10-17
2022-10-24,Final Space,2016,https://boxd.it/3m2Psr,4,,,2022-10-22
2022-10-24,Werewolf by Night,2022,https://boxd.it/3m2P7t,4,,,2022-10-23
2022-10-24,The School for Good and Evil,2022,https://boxd.it/3maWSn,3,,,2022-10-23
2022-11-14,Cowboy Bebop: The Movie,2001,https://boxd.it/3qIWq3,4,,,2022-11-13
2022-11-16,R.I.P.D. 2: Rise of the Damned,2022,https://boxd.it/3r8uKB,2.5,,,2022-11-15
2022-11-17,Lightyear,2022,https://boxd.it/3rfHSn,3,,,2022-11-16
2022-11-19,The Block Island Sound,2020,https://boxd.it/3rEvM3,3.5,,,2022-11-18
2022-11-20,Smile,2022,https://boxd.it/3rSZGH,3,,,2022-11-19
2022-11-21,Enola Holmes 2,2022,https://boxd.it/3s2Otx,3.5,,,2022-11-20
2022-11-21,The Nice Guys,2016,https://boxd.it/3s4WHL,4,,,2022-11-20
2022-11-21,The Murmuring,2022,https://boxd.it/3satbN,4,,,2022-11-20
2022-11-21,Dreams in the Witch House,2022,https://boxd.it/3satOP,3.5,,,2022-11-20
2022-11-21,The Outside,2022,https://boxd.it/3sb3sF,4,,,2022-11-21
2022-11-22,Lot 36,2022,https://boxd.it/3sl873,3.5,,,2022-11-21
2022-11-22,Graveyard Rats,2022,https://boxd.it/3slnuV,3.5,,,2022-11-21
2022-11-22,The Autopsy,2022,https://boxd.it/3sm16p,3,,,2022-11-21
2022-11-22,Pickman's Model,2022,https://boxd.it/3smMrJ,4,,,2022-11-21
2022-11-24,The Viewing,2022,https://boxd.it/3sHFOD,3.5,,,2022-11-23
2022-11-24,Weird: The Al Yankovic Story,2022,https://boxd.it/3sIZCf,3.5,,,2022-11-23
2022-11-27,Disney Channel's Theme: A History Mystery,2022,https://boxd.it/3th9Kr,4.5,,,2022-11-26
2022-11-29,Bringing Out the Dead,1999,https://boxd.it/3tPKj1,4,,,2022-11-28
2022-11-29,Nineteen Eighty-Four,1984,https://boxd.it/3tRayX,3.5,,,2022-11-29
2022-11-30,The Princess and the Frog,2009,https://boxd.it/3tZWV7,3.5,,,2022-11-29
2022-12-02,Mallrats,1995,https://boxd.it/3unT4H,4.5,Yes,,2022-12-01
2022-12-06,Barbarian,2022,https://boxd.it/3vgfVh,3.5,,,2022-12-05
2022-12-07,Bacurau,2019,https://boxd.it/3vrapR,4.5,,,2022-12-06
2022-12-07,Trilogy of Terror,1975,https://boxd.it/3vrVEJ,3,,,2022-12-06
2022-12-07,The Lodge,2019,https://boxd.it/3vtsRj,2.5,,,2022-12-07
2022-12-09,Clerks,1994,https://boxd.it/3vPNVl,5,Yes,,2022-12-08
2022-12-09,Clerks III,2022,https://boxd.it/3vQYgl,4,,,2022-12-09
2022-12-11,The Automat,2021,https://boxd.it/3wikEt,3,,,2022-12-11
2022-12-12,Trilogy of Terror II,1996,https://boxd.it/3wxW7d,3,,,2022-12-11
2022-12-16,Mass Hysteria,2019,https://boxd.it/3xmUHb,3,,,2022-12-15
2022-12-16,Uncle Sam,1996,https://boxd.it/3xo4mJ,3,,,2022-12-15
2022-12-17,Call Me Miss Cleo,2022,https://boxd.it/3xBzqN,3.5,,,2022-12-16
2022-12-17,House of 1000 Corpses,2003,https://boxd.it/3xDULr,2.5,,,2022-12-17
2022-12-21,See How They Run,2022,https://boxd.it/3yHstV,3.5,,,2022-12-20
2022-12-24,Scare Package II: Rad Chad’s Revenge,2022,https://boxd.it/3zyzxL,3.5,,,2022-12-22
2022-12-24,All Cheerleaders Die,2013,https://boxd.it/3zyAKr,2.5,,,2022-12-23
2022-12-24,Sadistic Intentions,2019,https://boxd.it/3zA6AZ,3.5,,,2022-12-24
2022-12-27,Uncle Moses,1932,https://boxd.it/3AtWjV,4.5,,,2022-12-26
2023-01-01,Folklore: Broker of Death,2021,https://boxd.it/3CzwYj,3.5,,,2022-12-31
2023-01-01,Folklore: A Mother's Love,2018,https://boxd.it/3CBQwj,3,,,2023-01-01
2023-01-01,Folklore: Tatami,2018,https://boxd.it/3CCqDF,3,,,2023-01-01
2023-01-02,Folklore: Pob,2018,https://boxd.it/3COxrv,4,,,2023-01-01
2023-01-02,Folklore: Toyol,2018,https://boxd.it/3CPGNn,3.5,,,2023-01-01
2023-01-02,Folklore: Mongdal,2018,https://boxd.it/3CRc2v,3.5,,,2023-01-01
2023-01-03,Glass Onion,2022,https://boxd.it/3De5fX,4.5,,,2023-01-02
2023-01-19,Star Trek VI: The Undiscovered Country,1991,https://boxd.it/3Jf27R,5,,,2023-01-17
2023-01-23,The Hatred,2017,https://boxd.it/3KlJlN,1.5,,,2023-01-22
2023-01-26,Turning Red,2022,https://boxd.it/3LiuW3,4,,,2023-01-25
2023-01-26,Austin Powers: International Man of Mystery,1997,https://boxd.it/3Lix4t,3.5,Yes,,2023-01-25
2023-01-30,Rockula,1990,https://boxd.it/3MKvk5,3,,,2023-01-29
2023-02-06,There's Something Wrong with the Children,2023,https://boxd.it/3OW1Hb,3.5,,,2023-02-05
2023-02-12,Magic Mike,2012,https://boxd.it/3QxUSL,3.5,,,2023-02-12
2023-02-13,Magic Mike XXL,2015,https://boxd.it/3QNYBB,4.5,,,2023-02-12
2023-02-19,Romeo + Juliet,1996,https://boxd.it/3Sos4D,3,,,2023-02-18
2023-02-25,The Congress,2013,https://boxd.it/3U7Yo5,4,,,2023-02-24
2023-02-25,World of Tomorrow,2015,https://boxd.it/3U81fZ,4.5,,,2023-02-24
2023-02-26,M3GAN,2022,https://boxd.it/3Uo1Ch,3.5,,,2023-02-25
2023-02-26,Benedetta,2021,https://boxd.it/3UrlDv,3.5,,,2023-02-25
2023-02-26,Elle,2016,https://boxd.it/3UtKnV,3,,,2023-02-26
2023-02-27,Dogma,1999,https://boxd.it/3UCigP,4.5,Yes,,2023-02-26
2023-02-27,Knock at the Cabin,2023,https://boxd.it/3UP2GN,3.5,,,2023-02-26
2023-02-28,Lace Crater,2015,https://boxd.it/3V5FfN,2.5,,,2023-02-28
2023-03-01,Event Horizon,1997,https://boxd.it/3Vk3dT,4,Yes,,2023-02-28
2023-03-01,"No Telling (Or, The Frankenstein Complex)",1991,https://boxd.it/3VlJB1,4,,,2023-03-01
2023-03-02,Black Panther: Wakanda Forever,2022,https://boxd.it/3VAcrx,3.5,,,2023-03-01
2023-03-02,The Menu,2022,https://boxd.it/3VAczB,3.5,,,2023-03-01
2023-03-09,Shadow Zone: The Undead Express,1996,https://boxd.it/3XtGPt,3,,,2023-03-09
2023-03-10,Shadow Zone: My Teacher Ate My Homework,1997,https://boxd.it/3XJ6Ml,2.5,,,2023-03-10
2023-03-11,All About Evil,2010,https://boxd.it/3XYU23,4,,,2023-03-10
2023-03-12,Scream,1996,https://boxd.it/3Yf86P,4.5,Yes,,2023-03-11
2023-03-13,Scream 2,1997,https://boxd.it/3YvLWd,4,Yes,,2023-03-12
2023-03-13,Scream 3,2000,https://boxd.it/3YGxcH,3.5,,,2023-03-13
2023-03-14,Scream 4,2011,https://boxd.it/3YX1id,3.5,,,2023-03-14
2023-03-15,Scream,2022,https://boxd.it/3Za0TN,3.5,Yes,,2023-03-14
2023-03-15,Dumplings,2004,https://boxd.it/3ZbFJh,4,,,2023-03-14
2023-03-17,Tales From The Dark 1,2013,https://boxd.it/3ZFWZr,4,,,2023-03-17
2023-03-19,Run Sweetheart Run,2020,https://boxd.it/40elh3,4,,,2023-03-19
2023-03-21,Tales From The Dark 2,2013,https://boxd.it/40MUfp,3,,,2023-03-20
2023-03-21,Dark Water,2005,https://boxd.it/40P2BH,4,,,2023-03-20
2023-03-22,The Wicker Man,2006,https://boxd.it/413wUd,3,,,2023-03-20
2023-03-22,Dead Snow,2009,https://boxd.it/413IeD,4,,,2023-03-21
2023-03-23,Dead Snow 2: Red vs. Dead,2014,https://boxd.it/41gNUb,3.5,,,2023-03-22
2023-03-23,Dawn of the Dead,2004,https://boxd.it/41izE3,3,Yes,,2023-03-22
2023-03-29,Martin,1977,https://boxd.it/42U3wr,4,,,2023-03-28
2023-03-29,Blood Relatives,2022,https://boxd.it/42V8T3,4,,,2023-03-29
2023-03-29,Cursed Friends,2022,https://boxd.it/42VUch,3,,,2023-03-29
2023-03-30,Infinity Pool,2023,https://boxd.it/436CFn,3.5,,,2023-03-29
2023-04-02,From Hell,2001,https://boxd.it/43Wk6D,3.5,,,2023-04-01
2023-04-08,Le Bonheur,1965,https://boxd.it/45zOd7,4.5,,,2023-04-07
2023-04-10,The Shining,1980,https://boxd.it/46krDv,5,Yes,,2023-04-09
2023-04-15,Living with Chucky,2022,https://boxd.it/47AIRl,3.5,,,2023-04-14
2023-04-15,Scary Movie,2000,https://boxd.it/47Cm1V,2,,,2023-04-14
2023-04-16,Scary Movie 2,2001,https://boxd.it/47TkFD,2,,,2023-04-15
2023-04-16,Puppet Master: Doktor Death,2022,https://boxd.it/47Tobd,3,,,2023-04-15
2023-04-16,Retro Puppet Master,1999,https://boxd.it/47UEpd,3,,,2023-04-15
2023-04-17,The Boondock Saints,1999,https://boxd.it/48bS8f,3.5,Yes,,2023-04-16
2023-04-17,Dark Water,2002,https://boxd.it/48dINL,3.5,,,2023-04-16
2023-04-18,Wish Upon,2017,https://boxd.it/48mkut,0.5,Yes,,2023-04-16
2023-04-21,Superman/Batman: Public Enemies,2009,https://boxd.it/4980Jz,3,,,2023-04-20
2023-04-22,Batman and Harley Quinn,2017,https://boxd.it/49sCax,3,,,2023-04-21
2023-04-22,Batman: Gotham by Gaslight,2018,https://boxd.it/49sCr9,2.5,,,2023-04-21
2023-04-22,The Guest,2014,https://boxd.it/49sXIv,4.5,Yes,,2023-04-22
2023-04-24,Oblivion,2013,https://boxd.it/4a4jrb,3,,,2023-04-23
2023-04-24,The Christmas Tapes,2022,https://boxd.it/4a6097,1.5,,,2023-04-24
2023-05-02,Scream VI,2023,https://boxd.it/4cfwWr,3.5,,,2023-05-01
2023-05-05,Congo,1995,https://boxd.it/4cYrvZ,3,,,2023-05-04
2023-05-05,The Legend of Tarzan,2016,https://boxd.it/4d04dx,2,,,2023-05-05
2023-05-06,Renfield,2023,https://boxd.it/4dgHf5,3.5,,,2023-05-06
2023-05-10,Evil Dead Rise,2023,https://boxd.it/4elf6t,3.5,,,2023-05-09
2023-05-11,Mystery Men,1999,https://boxd.it/4eAwLX,4,Yes,,2023-05-11
2023-05-14,Popstar: Never Stop Never Stopping,2016,https://boxd.it/4f9qHl,3.5,Yes,,2023-05-13
2023-05-14,Batman & Robin,1997,https://boxd.it/4fbeiH,2,Yes,,2023-05-13
2023-05-16,Encino Man,1992,https://boxd.it/4fJ5Zv,3.5,,,2023-05-14
2023-05-15,Blast from the Past,1999,https://boxd.it/4fwQg7,3.5,,,2023-05-15
2023-05-16,Airheads,1994,https://boxd.it/4fKfp5,3,,,2023-05-15
2023-05-16,Hanukkah on Rye,2022,https://boxd.it/4fLxdN,2.5,,,2023-05-15
2023-06-14,Dungeons & Dragons: Honor Among Thieves,2023,https://boxd.it/4ndifN,4,,,2023-06-13
2023-06-15,Shazam! Fury of the Gods,2023,https://boxd.it/4nrUkp,3,,,2023-06-14
2023-06-18,The Super Mario Bros. Movie,2023,https://boxd.it/4oanz7,3.5,,,2023-06-17
2023-07-04,X2,2003,https://boxd.it/4sYCT3,4.5,Yes,,2023-07-03
2023-07-15,Wong Ping's Fables 1,2019,https://boxd.it/4wg2cF,3.5,,,2023-07-15
2023-07-15,Wong Ping's Fables 2,2019,https://boxd.it/4wg2s9,3.5,,,2023-07-15
2023-07-15,Wong Ping Animation Collection,2019,https://boxd.it/4wg2HN,3.5,,,2023-07-15
2023-08-02,JoJo's Bizarre Adventure: Diamond is Unbreakable – Chapter 1,2017,https://boxd.it/4D8tI1,3,,,2023-08-01
2023-08-05,Alien,1979,https://boxd.it/4E6AKN,5,Yes,,2023-08-05
2023-08-06,The Flash,2023,https://boxd.it/4EqUjn,3,,,2023-08-05
2023-08-08,Spider-Man: Across the Spider-Verse,2023,https://boxd.it/4FaaDj,5,,,2023-08-07
2023-08-09,The Wild Goose Lake,2019,https://boxd.it/4Fuub5,4,,,2023-08-08
2023-08-10,Guardians of the Galaxy Vol. 3,2023,https://boxd.it/4FLyP3,5,,,2023-08-09
2023-08-20,The Italian Job,2003,https://boxd.it/4IUhXT,4,,,2023-08-19
2023-08-21,Cecil B. Demented,2000,https://boxd.it/4JmXUD,4,,,2023-08-20
2023-08-23,Blade,1998,https://boxd.it/4JUa8D,3,Yes,,2023-08-22
2023-08-23,The Virgin Suicides,1999,https://boxd.it/4JWwdp,3.5,,,2023-08-22
2023-08-28,Meg 2: The Trench,2023,https://boxd.it/4Lw6ch,2.5,,,2023-08-28
2023-09-05,Nimona,2023,https://boxd.it/4NMN5X,4,,,2023-09-04
2023-09-19,Game Night,2018,https://boxd.it/4RIhqn,3.5,,,2023-09-17
2023-09-20,Hellboy Animated: Blood and Iron,2007,https://boxd.it/4S5AiX,3,,,2023-09-19
2023-09-21,FearDotCom,2002,https://boxd.it/4SoBOj,2,,,2023-09-20
2023-09-21,Shadowboxer,2005,https://boxd.it/4SpJYt,1.5,,,2023-09-21
2023-09-24,The Last Voyage of the Demeter,2023,https://boxd.it/4Tcz1z,3,,,2023-09-23
2023-09-24,The Wrath of Becky,2023,https://boxd.it/4TeGTd,2.5,,,2023-09-23
2023-09-24,Blue Beetle,2023,https://boxd.it/4TgOtL,3.5,,,2023-09-24
2023-09-26,Dracula 2000,2000,https://boxd.it/4TPIvh,3,,,2023-09-25
2023-10-02,Maggie's Plan,2015,https://boxd.it/4VxTRP,2.5,,,2023-10-01
2023-10-18,Alone in the Dark,2005,https://boxd.it/510l3T,1.5,,,2023-10-17
2023-11-08,Talk to Me,2022,https://boxd.it/584Ubf,3.5,,,2023-11-07
2023-11-13,Kunstkamera,2022,https://boxd.it/59Gjh1,,,,2023-11-10
2023-11-11,Insect,2018,https://boxd.it/58WYvL,3.5,,,2023-11-11
2023-11-13,Blade II,2002,https://boxd.it/59DXIv,4,Yes,,2023-11-12
2023-11-13,Blade: Trinity,2004,https://boxd.it/59GhER,2,Yes,,2023-11-12
2023-11-22,Suitable Flesh,2023,https://boxd.it/5cs3QN,3.5,,,2023-11-21
2023-11-22,Cold Creek Manor,2003,https://boxd.it/5cvfw7,2.5,,,2023-11-22
2023-11-24,S.F.W.,1994,https://boxd.it/5d8fbL,4,,,2023-11-24
2023-11-25,Jackals,2017,https://boxd.it/5dt21Z,2.5,,,2023-11-24
2023-11-26,Traveling Light,2021,https://boxd.it/5dNO8f,3.5,,,2023-11-25
2023-11-26,Sex Guaranteed,2017,https://boxd.it/5dSx7J,3,,,2023-11-26
2023-11-27,Dead Man's Hand,2023,https://boxd.it/5ecZ99,2.5,,,2023-11-26
2023-11-28,American Hero,2015,https://boxd.it/5eHGLZ,3,,,2023-11-26
2023-11-28,Heatstroke,2013,https://boxd.it/5eHGZn,2.5,,,2023-11-27
2023-11-28,The Motel Life,2012,https://boxd.it/5eIZwr,4,,,2023-11-27
2023-11-28,Justice League vs. the Fatal Five,2019,https://boxd.it/5eJGlV,3.5,,,2023-11-28
2023-11-29,Innocent Lies,1995,https://boxd.it/5eYXCJ,2,,,2023-11-28
2023-11-29,Don't Go,2018,https://boxd.it/5f0zWJ,2,,,2023-11-29
2023-11-29,Suicide Squad: Hell to Pay,2018,https://boxd.it/5f1RqD,3,,,2023-11-29
2023-11-30,Carjacked,2011,https://boxd.it/5ffvkV,2.5,,,2023-11-29
2023-11-30,The Debt,2015,https://boxd.it/5fh1qN,3,,,2023-11-29
2023-12-01,Tomorrow You're Gone,2012,https://boxd.it/5fwkbn,2,,,2023-11-30
2023-12-01,Embattled,2020,https://boxd.it/5fyJcf,3,,,2023-12-01
2023-12-02,Officer Down,2013,https://boxd.it/5fSDVj,2.5,,,2023-12-02
2023-12-02,Felon,2008,https://boxd.it/5fUaLj,3.5,,,2023-12-02
2023-12-03,City of Industry,1997,https://boxd.it/5gcG8T,3,,,2023-12-02
2023-12-03,Judgment Night,1993,https://boxd.it/5gg3u5,2.5,,,2023-12-03
2023-12-03,Mob Land,2023,https://boxd.it/5ghYgL,3,,,2023-12-03
2023-12-04,Slotherhouse,2023,https://boxd.it/5gDnrr,3,,,2023-12-03
2023-12-04,Steal,2002,https://boxd.it/5gFgNf,3,,,2023-12-03
2023-12-06,Brake,2012,https://boxd.it/5hk5CR,2.5,,,2023-12-06
2023-12-12,Cold in July,2014,https://boxd.it/5joUed,3,,,2023-12-09
2023-12-10,It's a Wonderful Knife,2023,https://boxd.it/5iD45J,3,,,2023-12-10
2023-12-12,BloodRayne,2005,https://boxd.it/5joVRv,2,,,2023-12-10
2023-12-13,Teenage Mutant Ninja Turtles: Mutant Mayhem,2023,https://boxd.it/5jK65J,4,,,2023-12-12
2023-12-15,Barbie,2023,https://boxd.it/5kmULr,4,,,2023-12-15
2023-12-16,The Venture Bros.: Radiant Is the Blood of the Baboon Heart,2023,https://boxd.it/5kG5iD,4,,,2023-12-15
2023-12-16,Legion of Super-Heroes,2023,https://boxd.it/5kIbyB,3,,,2023-12-16
2023-12-21,Thanksgiving,2023,https://boxd.it/5mFiq7,3.5,,,2023-12-20
2023-12-22,The Nun II,2023,https://boxd.it/5n3vhv,2.5,,,2023-12-21
2023-12-23,Santa Jaws,2018,https://boxd.it/5nvtNv,2.5,,,2023-12-23
2024-01-02,Rebel Moon – Part One: A Child of Fire,2023,https://boxd.it/5tdCN3,2.5,,,2023-12-27
2023-12-31,Rites of Passage,2012,https://boxd.it/5rNOLn,2,,,2023-12-30
2023-12-31,Dead Man's Curve,1998,https://boxd.it/5rR6TP,2.5,,,2023-12-30
2024-01-03,A Haunting in Venice,2023,https://boxd.it/5tI0r1,2.5,,,2024-01-02
2024-01-04,Stonehearst Asylum,2014,https://boxd.it/5urG1f,2.5,,,2024-01-04
2024-01-05,This Is GWAR,2021,https://boxd.it/5v4CzZ,4,,,2024-01-05
2024-01-08,I Am Not a Serial Killer,2016,https://boxd.it/5xgb6j,3,,,2024-01-07
2024-01-09,The Gingerdead Man,2005,https://boxd.it/5xIFvJ,2,,,2024-01-08
2024-01-09,The Convent,2000,https://boxd.it/5xMqc1,3.5,,,2024-01-08
2024-01-13,The Suicide Squad,2021,https://boxd.it/5zEsrT,4.5,Yes,,2024-01-10
2024-01-16,RoboCop,1987,https://boxd.it/5Bnl0P,4.5,Yes,,2024-01-14
2024-01-16,THX 1138,1971,https://boxd.it/5Bq2un,3.5,,,2024-01-15
2024-01-16,The Marvels,2023,https://boxd.it/5BE22B,3.5,,,2024-01-15
2024-01-18,The Hateful Eight,2015,https://boxd.it/5CEqGz,4,Yes,,2024-01-17
2024-01-18,WHAT DID JACK DO?,2017,https://boxd.it/5CEU4b,2.5,,,2024-01-17
2024-01-18,Inglourious Basterds,2009,https://boxd.it/5CHe45,4.5,Yes,,2024-01-18
2024-01-19,Reservoir Dogs,1992,https://boxd.it/5D4Sqh,4.5,Yes,,2024-01-18
2024-01-19,True Romance,1993,https://boxd.it/5D7Jon,3.5,,,2024-01-18
2024-01-21,Gurren Lagann the Movie: Childhood's End,2008,https://boxd.it/5DTVi3,3,,,2024-01-20
2024-01-21,Origin,2023,https://boxd.it/5E7iw9,4,,,2024-01-20
2024-01-22,Wonka,2023,https://boxd.it/5EGUal,3.5,,,2024-01-21
2024-01-23,Five Nights at Freddy's,2023,https://boxd.it/5FcVVh,3,,,2024-01-22
2024-01-24,Aquaman and the Lost Kingdom,2023,https://boxd.it/5FGRYL,4,,,2024-01-23
2024-01-26,Wish,2023,https://boxd.it/5Gz2C5,3,,,2024-01-25
2024-01-28,Scooby-Doo 2: Monsters Unleashed,2004,https://boxd.it/5HD1SN,3.5,,,2024-01-27
2024-01-30,After Midnight,2019,https://boxd.it/5IOE15,4,Yes,,2024-01-29
2024-01-30,The Leech,2022,https://boxd.it/5IOEQ3,3.5,,,2024-01-29
2024-01-31,Eternals,2021,https://boxd.it/5J8dBF,3,Yes,,2024-01-30
2024-02-13,Snow Day,2000,https://boxd.it/5P5upp,2.5,,,2024-02-12
2024-02-13,Small Soldiers,1998,https://boxd.it/5P6Swh,3.5,,,2024-02-13
2024-02-14,El Conde,2023,https://boxd.it/5PrDLj,3.5,,,2024-02-13
2024-02-14,Inhuman Kiss,2019,https://boxd.it/5PvIlX,3.5,,,2024-02-14
2024-02-15,My Bloody Valentine,2009,https://boxd.it/5PSPcT,3.5,,,2024-02-14
2024-02-15,My Bloody Valentine,1981,https://boxd.it/5PV9UF,3,,,2024-02-14
2024-02-17,Bad Moon,1996,https://boxd.it/5QNc91,3,,,2024-02-17
2024-02-20,Night Swim,2024,https://boxd.it/5SlIPb,2,,,2024-02-19
2024-02-21,The Prince,2023,https://boxd.it/5SIbsz,4,,,2024-02-20
2024-02-21,The Cottage,2008,https://boxd.it/5SM3WJ,4,,,2024-02-20
2024-02-21,Lord of Illusions,1995,https://boxd.it/5SPmox,3.5,,,2024-02-20
2024-02-22,Dracula II: Ascension,2003,https://boxd.it/5TawEx,2.5,,,2024-02-21
2024-02-22,Dracula III: Legacy,2005,https://boxd.it/5TcogL,2.5,,,2024-02-21
2024-02-25,Fantasy Island,2020,https://boxd.it/5Un8EX,2,,,2024-02-24
2024-02-25,Wrong Turn,2003,https://boxd.it/5UzSGf,3,,,2024-02-25
2024-02-25,Cry_Wolf,2005,https://boxd.it/5UBCUJ,3,,,2024-02-25
2024-02-29,Boogie Nights,1997,https://boxd.it/5WfYCh,4.5,,,2024-02-27
2024-03-03,Miller's Girl,2024,https://boxd.it/5XFSsL,1.5,,,2024-03-02
2024-03-03,Lisa Frankenstein,2024,https://boxd.it/5XNiqZ,4,,,2024-03-02
2024-03-11,The Ruins,2008,https://boxd.it/61EBLl,3,,,2024-03-10
2024-03-20,Madame Web,2024,https://boxd.it/65KCDP,1.5,,,2024-03-19
2024-03-28,Imaginary,2024,https://boxd.it/69sP2R,2.5,,,2024-03-28
2024-03-31,"Butcher, Baker, Nightmare Maker",1981,https://boxd.it/6aJyf3,3,,,2024-03-30
2024-03-31,Carrie,2013,https://boxd.it/6aVgAr,2.5,,,2024-03-30
2024-04-03,Pet Sematary II,1992,https://boxd.it/6coiEd,2.5,,,2024-04-02
2024-04-03,They,2002,https://boxd.it/6cqWYr,2.5,,,2024-04-02
2024-04-20,Dune: Part Two,2024,https://boxd.it/6j02lT,3.5,,,2024-04-18
2024-04-23,Maximum Overdrive,1986,https://boxd.it/6kxKb9,3,,,2024-04-22
2024-04-29,Late Night with the Devil,2023,https://boxd.it/6mXflH,4,,,2024-04-28
2024-04-30,Ghost Ship,2002,https://boxd.it/6nqJop,2.5,Yes,,2024-04-29
2024-05-02,Swimming with Sharks,1994,https://boxd.it/6of3X5,4,,,2024-05-01
2024-05-04,The Usual Suspects,1995,https://boxd.it/6p5PVP,4.5,Yes,,2024-05-04
2024-05-05,K-PAX,2001,https://boxd.it/6ph4U5,3.5,Yes,,2024-05-04
2024-05-06,They Cloned Tyrone,2023,https://boxd.it/6q95tx,4.5,,,2024-05-05
2024-05-08,She Is Conann,2023,https://boxd.it/6qTc39,4,,,2024-05-07
2024-05-09,Abigail,2024,https://boxd.it/6reWud,3.5,,,2024-05-08
2024-05-09,I Blame Society,2020,https://boxd.it/6rhT35,3.5,,,2024-05-08
2024-05-10,Braindead,1992,https://boxd.it/6rBZGH,4.5,Yes,,2024-05-09
2024-05-14,The Creator,2023,https://boxd.it/6teEvF,4,,,2024-05-13
2024-05-18,Dementia 13,1963,https://boxd.it/6uJ3iv,3,,,2024-05-18
2024-05-18,Spider-Man: Into the Spider-Verse,2018,https://boxd.it/6uKt8N,5,Yes,,2024-05-18
2024-05-19,Spider-Man: Across the Spider-Verse,2023,https://boxd.it/6v4nrz,5,Yes,,2024-05-18
2024-05-20,13 Ghosts,1960,https://boxd.it/6vBMUH,3,,,2024-05-19
2024-05-21,House on Haunted Hill,1959,https://boxd.it/6vWrbN,4,,,2024-05-20
2024-05-22,The Gentlemen,2019,https://boxd.it/6wolGh,3.5,Yes,,2024-05-21
2024-05-27,The Hunger Games: The Ballad of Songbirds & Snakes,2023,https://boxd.it/6yxS1H,3.5,,,2024-05-26
2024-05-29,Seedpeople,1992,https://boxd.it/6znt0X,3,,,2024-05-28
2024-05-29,Drag Me to Hell,2009,https://boxd.it/6zqwYd,3,Yes,,2024-05-29
2024-05-29,"Miraculous World: New York, United HeroeZ",2020,https://boxd.it/6zrifP,4,,,2024-05-29
2024-05-31,The First Omen,2024,https://boxd.it/6Abg7r,4,,,2024-05-31
2024-06-04,Furiosa: A Mad Max Saga,2024,https://boxd.it/6BSpXL,4.5,,,2024-06-03
2024-06-05,Royal Warriors,1986,https://boxd.it/6Ccxrt,4.5,,,2024-06-04
2024-06-07,The Unknown,1927,https://boxd.it/6CUe0B,4,,,2024-06-06
2024-06-11,The Maltese Falcon,1941,https://boxd.it/6ECJUR,5,Yes,,2024-06-10
2024-06-12,Killer of Men,2022,https://boxd.it/6F18KF,5,,,2024-06-11
2024-06-14,Streets of Fire,1984,https://boxd.it/6FIoAn,4,,,2024-06-13
2024-06-14,The Strangers: Chapter 1,2024,https://boxd.it/6FJQst,2.5,,,2024-06-13
2024-06-17,The Little Shop of Horrors,1960,https://boxd.it/6H0Y3T,3,,,2024-06-16
2024-06-20,A Horrible Way to Die,2010,https://boxd.it/6I8oVl,2.5,,,2024-06-19
2024-06-20,Cheap Thrills,2013,https://boxd.it/6I9Aut,3.5,,,2024-06-20
2024-06-21,Blue Ruin,2013,https://boxd.it/6Is6TB,4.5,,,2024-06-20
2024-06-21,Blackout,2023,https://boxd.it/6IuB1p,4,,,2024-06-20
2024-06-24,Dead Silence,2007,https://boxd.it/6JCf4L,2.5,,,2024-06-23
2024-06-24,Hellraiser: Hellworld,2005,https://boxd.it/6JKHFh,2.5,,,2024-06-23
2024-06-24,Hellraiser: Deader,2005,https://boxd.it/6JKIn9,2.5,,,2024-06-23
2024-06-24,Made for Each Other,2023,https://boxd.it/6JO1wv,2.5,,,2024-06-23
2024-06-25,Loving Leah,2009,https://boxd.it/6KclPv,3,,,2024-06-25
2024-06-25,Eight Gifts of Hanukkah,2021,https://boxd.it/6KdfEX,2,,,2024-06-25
2024-06-26,The Vourdalak,2023,https://boxd.it/6Kw993,5,,,2024-06-25
2024-06-27,The Offering,2022,https://boxd.it/6KUwJ7,3,,,2024-06-26
2024-06-29,In a Violent Nature,2024,https://boxd.it/6LAYAL,3.5,,,2024-06-28
2024-07-01,Freaks,1932,https://boxd.it/6MuNK3,4.5,,,2024-06-30
2024-07-02,Harvey,1950,https://boxd.it/6MER0j,4,,,2024-06-30
2024-07-02,Creature from the Black Lagoon,1954,https://boxd.it/6MVVNX,4,,,2024-07-01
2024-07-05,Mute Witness,1995,https://boxd.it/6OamSR,4,,,2024-07-04
2024-07-13,Musings Of A Mechatronic Mistress,2023,https://boxd.it/6RA4fh,4,,,2024-07-12
2024-07-17,Puss in Boots: The Last Wish,2022,https://boxd.it/6TyqHB,4,,,2024-07-16
2024-07-22,The Piper,2023,https://boxd.it/6VKvH9,2.5,,,2024-07-21
2024-07-27,Deadpool & Wolverine,2024,https://boxd.it/6Y6GCV,4,,,2024-07-26
2024-07-29,Revenge,2017,https://boxd.it/6Z3XmX,4,,,2024-07-28
2024-07-29,The Toxic Avenger,1984,https://boxd.it/6Z3YRH,5,Yes,,2024-07-28
2024-07-29,Tromeo & Juliet,1996,https://boxd.it/6Z3ZtB,4,Yes,,2024-07-28
2024-07-29,Slither,2006,https://boxd.it/6Z81fJ,3.5,,,2024-07-29
2024-07-30,Hundreds of Beavers,2022,https://boxd.it/6ZsTaX,5,,,2024-07-29
2024-07-30,Society,1989,https://boxd.it/6ZzZV5,3.5,,,2024-07-29
2024-07-30,Willard,2003,https://boxd.it/6ZA0fT,3.5,,,2024-07-30
2024-08-01,Tarot,2024,https://boxd.it/70iYHB,2,,,2024-07-31
2024-08-03,My Best Friend's Exorcism,2022,https://boxd.it/715PZp,1.5,,,2024-08-02
2024-08-03,Totally Killer,2023,https://boxd.it/719Drt,3.5,,,2024-08-02
2024-08-03,Jack's Back,1988,https://boxd.it/71c6r7,3,,,2024-08-03
2024-08-04,Con Air,1997,https://boxd.it/71GVMl,3.5,,,2024-08-04
2024-08-07,Crumb,1994,https://boxd.it/72SVDB,4,,,2024-08-06
2024-08-07,Royalty Free: The Music of Kevin MacLeod,2020,https://boxd.it/72Y8m9,3,,,2024-08-06
2024-08-07,Sex and Broadcasting,2014,https://boxd.it/72Y8PZ,3,,,2024-08-06
2024-08-08,The United States of Insanity,2021,https://boxd.it/73ngpl,4.5,,,2024-08-07
2024-08-09,My Hero Academia: Two Heroes,2018,https://boxd.it/73A2bF,3.5,,,2024-08-08
2024-08-10,Bring It On: Cheer Or Die,2022,https://boxd.it/74aJqF,2.5,,,2024-08-09
2024-08-12,We Were Once Kids,2021,https://boxd.it/759IhJ,4,,,2024-08-11
2024-08-12,Nurse 3-D,2013,https://boxd.it/75duhX,2.5,,,2024-08-12
2024-08-18,Castle Freak,1995,https://boxd.it/77SLfz,3.5,Yes,,2024-08-18
2024-08-22,The Blues Brothers,1980,https://boxd.it/79Lho1,5,,,2024-08-22
2024-08-22,Coneheads,1993,https://boxd.it/79MaIb,3,Yes,,2024-08-22
2024-08-25,FernGully: The Last Rainforest,1992,https://boxd.it/7b8G9Z,3.5,,,2024-08-25
2024-08-25,Jujutsu Kaisen 0,2021,https://boxd.it/7bbCJ1,4,,,2024-08-25
2024-08-26,Death to Smoochy,2002,https://boxd.it/7bHF53,4.5,,,2024-08-25
2024-08-27,Army of Shadows,1969,https://boxd.it/7c7WHP,4.5,,,2024-08-26
2024-08-28,Longlegs,2024,https://boxd.it/7czZU9,4.5,,,2024-08-27
2024-08-29,Under the Skin,2013,https://boxd.it/7cZpvf,4.5,,,2024-08-28
2024-08-29,Speak No Evil,2022,https://boxd.it/7d2yej,4,,,2024-08-29
2024-08-30,The Hunt,2012,https://boxd.it/7dnmSX,4.5,,,2024-08-29
2024-08-30,Pusher,1996,https://boxd.it/7dpMvf,3.5,,,2024-08-30
2024-08-31,Howling IV: The Original Nightmare,1988,https://boxd.it/7dRwrn,2.5,,,2024-08-31
2024-09-02,Love at First Bite,1979,https://boxd.it/7eXdED,3,,,2024-09-02
2024-09-03,Parents,2016,https://boxd.it/7frkzF,3,,,2024-09-03
2024-09-04,A Horrible Woman,2017,https://boxd.it/7fPBNH,3,,,2024-09-03
2024-09-05,After the Wedding,2006,https://boxd.it/7geOLJ,4,,,2024-09-04
2024-09-09,The Houses October Built,2014,https://boxd.it/7icGbR,2.5,,,2024-09-08
2024-09-09,Strange Darling,2023,https://boxd.it/7iatfx,4,,,2024-09-09
2024-09-18,Speak No Evil,2024,https://boxd.it/7lOuUX,3.5,,,2024-09-09
2024-09-13,Jumanji: The Next Level,2019,https://boxd.it/7jBxUd,3.5,,,2024-09-12
2024-09-13,Dark Harvest,2023,https://boxd.it/7jIuJP,2.5,,,2024-09-12
2024-09-16,The Crow,2024,https://boxd.it/7lcWbP,2,,,2024-09-15
2024-09-17,Jersey Girl,2004,https://boxd.it/7lFkM7,3.5,,,2024-09-16
2024-09-18,Trap,2024,https://boxd.it/7m2eFP,3.5,,,2024-09-17
2024-09-19,The Sixth Sense,1999,https://boxd.it/7mqPGj,5,Yes,,2024-09-18
2024-09-20,Brooklyn 45,2023,https://boxd.it/7mOX09,4,,,2024-09-19
2024-09-20,Offseason,2021,https://boxd.it/7mQGi5,2.5,,,2024-09-20
2024-09-22,City of Angels,1998,https://boxd.it/7nMXIl,3,,,2024-09-21
2024-09-25,The Ministry of Ungentlemanly Warfare,2024,https://boxd.it/7oPxIz,3.5,,,2024-09-22
2024-09-25,Bad Boys for Life,2020,https://boxd.it/7oPGMv,3,,,2024-09-22
2024-09-25,A Quiet Place,2018,https://boxd.it/7oPJhF,3.5,,,2024-09-22
2024-09-30,Striptease,1996,https://boxd.it/7rkoKr,2.5,,,2024-09-29
2024-09-30,Broil,2020,https://boxd.it/7rnfPt,2.5,,,2024-09-30
2024-10-01,G.I. Jane,1997,https://boxd.it/7rJxFF,3,,,2024-09-30
2024-10-02,The 4:30 Movie,2024,https://boxd.it/7s9vRr,4,,,2024-10-01
2024-10-02,Jay and Silent Bob Reboot,2019,https://boxd.it/7sccGv,3,Yes,,2024-10-02
2024-10-04,The Abominable Dr. Phibes,1971,https://boxd.it/7sZP4j,3,,,2024-10-03
2024-10-05,Serendipity,2001,https://boxd.it/7tApyV,2.5,,,2024-10-05
2024-10-06,Dr. Phibes Rises Again,1972,https://boxd.it/7u92JL,2.5,,,2024-10-06
2024-10-07,Cursed,2005,https://boxd.it/7uHNKp,2.5,,,2024-10-07
2024-10-08,Die Hard,1988,https://boxd.it/7vdO4N,5,Yes,,2024-10-08
2024-10-09,King of Texas,2002,https://boxd.it/7vwXAr,3.5,,,2024-10-08
2024-10-09,Red Eye,2005,https://boxd.it/7vAFXP,3,,,2024-10-08
2024-10-10,My Hero Academia: Heroes Rising,2019,https://boxd.it/7vOvLR,4,,,2024-10-09
2024-10-10,Something Wicked This Way Comes,1983,https://boxd.it/7w0QuB,4,,,2024-10-09
2024-10-11,The Lawnmower Man,1992,https://boxd.it/7wsWeF,3.5,,,2024-10-11
2024-10-13,Kingdom of the Planet of the Apes,2024,https://boxd.it/7xhV2l,3.5,,,2024-10-12
2024-10-13,Bad Taste,1987,https://boxd.it/7xxKG7,3.5,,,2024-10-13
2024-10-16,Dracula's Ex-Girlfriend,2024,https://boxd.it/7yOFT9,4,,,2024-10-15
2024-10-17,Paprika,2006,https://boxd.it/7zvsTr,3.5,,,2024-10-16
2024-10-17,A Quiet Place: Day One,2024,https://boxd.it/7zvwdf,3.5,,,2024-10-16
2024-10-17,Lawnmower Man 2: Beyond Cyberspace,1996,https://boxd.it/7zyjk9,3,,,2024-10-16
2024-10-18,Jackie Brown,1997,https://boxd.it/7A28C7,5,Yes,,2024-10-18
2024-10-20,Beetlejuice,1988,https://boxd.it/7B5Cir,4.5,,,2024-10-20
2024-10-20,House of the Dead,2003,https://boxd.it/7B7UOT,1.5,,,2024-10-20
2024-10-22,Habit,1995,https://boxd.it/7BRDRN,4.5,Yes,,2024-10-20
2024-10-22,Drácula,1931,https://boxd.it/7CeFQN,4,,,2024-10-21
2024-10-23,Stream,2024,https://boxd.it/7CEaeb,2.5,,,2024-10-22
2024-10-23,Nightwatch,1997,https://boxd.it/7CGxjx,2.5,,,2024-10-22
2024-10-25,One Fine Day,1996,https://boxd.it/7DCCND,3,,,2024-10-25
2024-10-27,The Cabinet of Dr. Caligari,1920,https://boxd.it/7Eiuht,5,,,2024-10-25
2024-10-27,Campfire Tales,1997,https://boxd.it/7EFMB3,2.5,,,2024-10-26
2024-10-28,Friday the 13th,1980,https://boxd.it/7Fk5v9,4.5,Yes,,2024-10-27
2024-10-30,Woman of the Hour,2023,https://boxd.it/7Gk73l,3.5,,,2024-10-30
2024-10-31,Perfect Blue,1997,https://boxd.it/7GNDhR,4.5,,,2024-10-31
2024-11-07,Seven Stages to Achieve Eternal Bliss,2018,https://boxd.it/7Kt9z3,3,,,2024-11-07
2024-11-08,In Her Skin,2009,https://boxd.it/7KUO6b,3,,,2024-11-08
2024-11-10,The Substance,2024,https://boxd.it/7LXPNF,5,,,2024-11-10
2024-11-11,Planet of the Apes,2001,https://boxd.it/7Mxxpd,2,,,2024-11-10
2024-11-15,Bedazzled,2000,https://boxd.it/7OnuFP,4,,,2024-11-14
2024-11-16,Apartment 7A,2024,https://boxd.it/7OSP9n,3,,,2024-11-16
2024-11-18,Tully,2018,https://boxd.it/7Q6oGh,3,Yes,,2024-11-17
2024-11-19,Frankie Freako,2024,https://boxd.it/7QyO4J,3.5,,,2024-11-18
2024-11-20,Yoga Hosers,2016,https://boxd.it/7QZxJp,2.5,,,2024-11-19
2024-11-20,Tusk,2014,https://boxd.it/7R25Jn,3,,,2024-11-20
2024-11-27,Howling III: The Marsupials,1987,https://boxd.it/7Uzvt9,2.5,,,2024-11-27
2024-11-28,Roman,2006,https://boxd.it/7V1xk5,3,,,2024-11-28
2024-11-30,May,2002,https://boxd.it/7VZ23x,3.5,,,2024-11-29
2024-12-02,Founders Day,2023,https://boxd.it/7Xc5ur,3,,,2024-12-01
2024-12-03,Salem's Lot,2024,https://boxd.it/7XHaKr,2.5,,,2024-12-03
2024-12-05,Conclave,2024,https://boxd.it/7Yt52b,4.5,,,2024-12-04
2024-12-05,Catwoman,2004,https://boxd.it/7Yxpun,2,Yes,,2024-12-04
2024-12-07,1978,2024,https://boxd.it/7ZqeQn,3.5,,,2024-12-06
2024-12-09,Things Heard & Seen,2021,https://boxd.it/80EkMD,2,Yes,,2024-12-09
2024-12-16,Free Willy,1993,https://boxd.it/849d0h,3,,,2024-12-14
2024-12-16,Heretic,2024,https://boxd.it/84c4yZ,3,,,2024-12-16
2024-12-17,Absentia,2011,https://boxd.it/84IWXt,3.5,,,2024-12-17
2024-12-18,Before I Wake,2016,https://boxd.it/85fPEb,3.5,,,2024-12-18
2024-12-23,Venom: The Last Dance,2024,https://boxd.it/888LFH,2.5,,,2024-12-22
2024-12-26,The Advent Calendar,2021,https://boxd.it/8a0Zpl,3.5,,,2024-12-25
2024-12-26,Good Boy,2022,https://boxd.it/8ayfH7,2.5,,,2024-12-25
2024-12-29,The Ballad of Ride the Cyclone,2024,https://boxd.it/8cO3YP,4.5,,,2024-12-28
2024-12-29,Mass,2021,https://boxd.it/8dizWr,5,,,2024-12-29
